"","batch","well","treatment","sample","genes_detected","genes_detected_zscore","genes_detected_pval","genes_detected_padj","counts"
"M1B_T384s1_A1","M1B","A1","SC 1","M1B_T384s1_A1",8517,-0.586240890521002,0.557713646610916,0.994975217358688,81203
"M1B_T384s1_A2","M1B","A2","DMSO","M1B_T384s1_A2",13099,1.44104846802007,0.149570990437948,0.994975217358688,1430675
"M1B_T384s1_A3","M1B","A3","A3","M1B_T384s1_A3",10210,0.162820847586818,0.870659493306216,0.994975217358688,198849
"M1B_T384s1_A4","M1B","A4","A4","M1B_T384s1_A4",11186,0.594648524133323,0.55207843720096,0.994975217358688,297976
"M1B_T384s1_A5","M1B","A5","A5","M1B_T384s1_A5",11087,0.550846331532806,0.581739020331586,0.994975217358688,309183
"M1B_T384s1_A6","M1B","A6","A6","M1B_T384s1_A6",6314,-1.56095028747997,0.118535480799153,0.965883247309211,37328
"M1B_T384s1_A7","M1B","A7","A7","M1B_T384s1_A7",11711,0.826932878833031,0.408275106544985,0.994975217358688,433031
"M1B_T384s1_A8","M1B","A8","A8","M1B_T384s1_A8",12154,1.02293662956059,0.306337809137987,0.994975217358688,613312
"M1B_T384s1_A9","M1B","A9","A9","M1B_T384s1_A9",12038,0.971612848331706,0.331243188201851,0.994975217358688,538135
"M1B_T384s1_A10","M1B","A10","A10","M1B_T384s1_A10",12443,1.15080363624291,0.249813028514331,0.994975217358688,863580
"M1B_T384s1_A11","M1B","A11","A11","M1B_T384s1_A11",11785,0.859673911685942,0.389968819486293,0.994975217358688,445214
"M1B_T384s1_A12","M1B","A12","A12","M1B_T384s1_A12",11669,0.808350130457054,0.418889051589273,0.994975217358688,437366
"M1B_T384s1_A13","M1B","A13","A13","M1B_T384s1_A13",11689,0.817199058255138,0.413814680630045,0.994975217358688,439445
"M1B_T384s1_A14","M1B","A14","A14","M1B_T384s1_A14",10537,0.307500817085493,0.758462201192541,0.994975217358688,222399
"M1B_T384s1_A15","M1B","A15","A15","M1B_T384s1_A15",11522,0.743310511141136,0.45729370926864,0.994975217358688,315019
"M1B_T384s1_A16","M1B","A16","A16","M1B_T384s1_A16",11290,0.64066294868336,0.521741691638097,0.994975217358688,321386
"M1B_T384s1_A17","M1B","A17","A17","M1B_T384s1_A17",10946,0.488461390556313,0.625223067034717,0.994975217358688,279608
"M1B_T384s1_A18","M1B","A18","A18","M1B_T384s1_A18",11243,0.619867968357862,0.535344715893462,0.994975217358688,327152
"M1B_T384s1_A19","M1B","A19","A19","M1B_T384s1_A19",10928,0.480497355538038,0.630873783113458,0.994975217358688,282865
"M1B_T384s1_A20","M1B","A20","A20","M1B_T384s1_A20",10862,0.45129589380436,0.651776303921817,0.994975217358688,317898
"M1B_T384s1_A21","M1B","A21","A21","M1B_T384s1_A21",11069,0.542882296514531,0.587210845826379,0.994975217358688,276794
"M1B_T384s1_A22","M1B","A22","A22","M1B_T384s1_A22",11074,0.545094528464052,0.585688505643156,0.994975217358688,248736
"M1B_T384s1_A23","M1B","A23","P7NG# 9 D5 Diff GFP +","M1B_T384s1_A23",6303,-1.56581719776891,0.117391418890452,0.965883247309211,33508
"M1B_T384s1_A24","M1B","A24","P7NG# 13 D20 SF GFP -","M1B_T384s1_A24",6725,-1.37910482122934,0.167862437584146,0.994975217358688,44911
"M1B_T384s1_B1","M1B","B1","SC 2","M1B_T384s1_B1",6129,-1.64280286961224,0.100423726300195,0.86657777301741,31075
"M1B_T384s1_B2","M1B","B2","DMSO","M1B_T384s1_B2",13536,1.63439754040821,0.10217540436971,0.871896783954858,1808627
"M1B_T384s1_B3","M1B","B3","B3","M1B_T384s1_B3",11490,0.729152226664201,0.465908550462708,0.994975217358688,374531
"M1B_T384s1_B4","M1B","B4","B4","M1B_T384s1_B4",11209,0.604824791101119,0.545295419466261,0.994975217358688,338503
"M1B_T384s1_B5","M1B","B5","B5","M1B_T384s1_B5",10882,0.460144821602444,0.645412273829355,0.994975217358688,268472
"M1B_T384s1_B6","M1B","B6","B6","M1B_T384s1_B6",10857,0.449083661854839,0.653371305944758,0.994975217358688,286824
"M1B_T384s1_B7","M1B","B7","B7","M1B_T384s1_B7",11145,0.57650822214725,0.564271713956834,0.994975217358688,306946
"M1B_T384s1_B8","M1B","B8","B8","M1B_T384s1_B8",10733,0.394220309506718,0.693418392489207,0.994975217358688,222213
"M1B_T384s1_B9","M1B","B9","B9","M1B_T384s1_B9",10813,0.429616020699054,0.667474981232519,0.994975217358688,244260
"M1B_T384s1_B10","M1B","B10","B10","M1B_T384s1_B10",10705,0.3818318105894,0.702586121847764,0.994975217358688,236665
"M1B_T384s1_B11","M1B","B11","B11","M1B_T384s1_B11",9546,-0.130963555309574,0.895804137687553,0.994975217358688,140334
"M1B_T384s1_B12","M1B","B12","B12","M1B_T384s1_B12",10668,0.365461294162944,0.71476709436973,0.994975217358688,250873
"M1B_T384s1_B13","M1B","B13","B13","M1B_T384s1_B13",11347,0.6658823929079,0.505486275433189,0.994975217358688,404051
"M1B_T384s1_B14","M1B","B14","B14","M1B_T384s1_B14",12154,1.02293662956059,0.306337809137987,0.994975217358688,590922
"M1B_T384s1_B15","M1B","B15","B15","M1B_T384s1_B15",10725,0.390680738387484,0.696033238126103,0.994975217358688,268380
"M1B_T384s1_B16","M1B","B16","B16","M1B_T384s1_B16",9779,-0.0278735464618945,0.977763007108679,0.996709008282428,155015
"M1B_T384s1_B17","M1B","B17","B17","M1B_T384s1_B17",10480,0.282281372860954,0.777727767350047,0.994975217358688,197683
"M1B_T384s1_B18","M1B","B18","B18","M1B_T384s1_B18",11138,0.573411097417921,0.566366378146169,0.994975217358688,387890
"M1B_T384s1_B19","M1B","B19","B19","M1B_T384s1_B19",10137,0.130522261123811,0.896153242963257,0.994975217358688,177594
"M1B_T384s1_B20","M1B","B20","B20","M1B_T384s1_B20",10697,0.378292239470166,0.705213509846605,0.994975217358688,247195
"M1B_T384s1_B21","M1B","B21","B21","M1B_T384s1_B21",9535,-0.135830465598521,0.891955306190649,0.994975217358688,132114
"M1B_T384s1_B22","M1B","B22","B22","M1B_T384s1_B22",10410,0.251310125567659,0.801574347255855,0.994975217358688,232697
"M1B_T384s1_B23","M1B","B23","P7NG# 14 D5 Diff GFP -","M1B_T384s1_B23",4902,-2.1856845900247,0.0288386890732313,0.412755200117408,21703
"M1B_T384s1_B24","M1B","B24","P7NG# 13 D20 SF GFP +","M1B_T384s1_B24",3655,-2.73741523823525,0.00619240755364512,0.293764263161503,11365
"M1B_T384s1_C1","M1B","C1","SC 3","M1B_T384s1_C1",4600,-2.31930339977577,0.0203785912255438,0.409654454830882,16787
"M1B_T384s1_C2","M1B","C2","DMSO","M1B_T384s1_C2",13135,1.45697653805662,0.145122856723513,0.994975217358688,1473579
"M1B_T384s1_C3","M1B","C3","C3","M1B_T384s1_C3",12945,1.37291172397482,0.169779791406181,0.994975217358688,1370554
"M1B_T384s1_C4","M1B","C4","C4","M1B_T384s1_C4",12062,0.982231561689407,0.325985781980115,0.994975217358688,465220
"M1B_T384s1_C5","M1B","C5","C5","M1B_T384s1_C5",10852,0.446871429905318,0.654967893352628,0.994975217358688,291337
"M1B_T384s1_C6","M1B","C6","C6","M1B_T384s1_C6",11373,0.677385999045409,0.498161079247782,0.994975217358688,412642
"M1B_T384s1_C7","M1B","C7","C7","M1B_T384s1_C7",10889,0.463241946331774,0.643190952711761,0.994975217358688,271165
"M1B_T384s1_C8","M1B","C8","C8","M1B_T384s1_C8",11683,0.814544379915713,0.415333158926684,0.994975217358688,434942
"M1B_T384s1_C9","M1B","C9","C9","M1B_T384s1_C9",9820,-0.00973324447582207,0.992234117124591,0.996709008282428,161927
"M1B_T384s1_C10","M1B","C10","C10","M1B_T384s1_C10",11365,0.673846427926176,0.500408954183032,0.994975217358688,355055
"M1B_T384s1_C11","M1B","C11","C11","M1B_T384s1_C11",10259,0.184500720692124,0.853620661832174,0.994975217358688,207827
"M1B_T384s1_C12","M1B","C12","C12","M1B_T384s1_C12",12561,1.20301231025161,0.228971556830311,0.994975217358688,1059648
"M1B_T384s1_C13","M1B","C13","C13","M1B_T384s1_C13",11433,0.703932782439662,0.481474634785928,0.994975217358688,394833
"M1B_T384s1_C14","M1B","C14","C14","M1B_T384s1_C14",12538,1.19283604328381,0.232933591104801,0.994975217358688,716775
"M1B_T384s1_C15","M1B","C15","C15","M1B_T384s1_C15",10998,0.511468602831332,0.609022968087954,0.994975217358688,307374
"M1B_T384s1_C16","M1B","C16","C16","M1B_T384s1_C16",10865,0.452623232974073,0.650820066282847,0.994975217358688,315235
"M1B_T384s1_C17","M1B","C17","C17","M1B_T384s1_C17",11018,0.520317530629416,0.60284227927404,0.994975217358688,272200
"M1B_T384s1_C18","M1B","C18","C18","M1B_T384s1_C18",11361,0.672076642366559,0.501534905562083,0.994975217358688,389518
"M1B_T384s1_C19","M1B","C19","C19","M1B_T384s1_C19",11031,0.526069333698171,0.598840034707729,0.994975217358688,286034
"M1B_T384s1_C20","M1B","C20","C20","M1B_T384s1_C20",11225,0.611903933339587,0.540601319090341,0.994975217358688,377065
"M1B_T384s1_C21","M1B","C21","C21","M1B_T384s1_C21",10141,0.132292046683428,0.89475329791369,0.994975217358688,199524
"M1B_T384s1_C22","M1B","C22","C22","M1B_T384s1_C22",10756,0.404396576474514,0.685921117307112,0.994975217358688,232610
"M1B_T384s1_C23","M1B","C23","P7NG# 14 D5 Diff GFP +","M1B_T384s1_C23",4375,-2.41885383750422,0.0155694948520713,0.398579068213024,16542
"M1B_T384s1_C24","M1B","C24","P7NG# 8 D20 SF GFP -","M1B_T384s1_C24",4662,-2.29187172360171,0.0219130463677298,0.409654454830882,19863
"M1B_T384s1_D1","M1B","D1","SC 4","M1B_T384s1_D1",4627,-2.30735734724836,0.0210349069652129,0.409654454830882,16606
"M1B_T384s1_D2","M1B","D2","DMSO","M1B_T384s1_D2",13561,1.64545870015581,0.0998752528708219,0.86657777301741,1956167
"M1B_T384s1_D3","M1B","D3","D3","M1B_T384s1_D3",10814,0.430058467088958,0.667153111174705,0.994975217358688,253460
"M1B_T384s1_D4","M1B","D4","D4","M1B_T384s1_D4",10602,0.336259832429267,0.736674937167785,0.994975217358688,278074
"M1B_T384s1_D5","M1B","D5","D5","M1B_T384s1_D5",10020,0.078756033505019,0.937226675551812,0.994975217358688,184245
"M1B_T384s1_D6","M1B","D6","D6","M1B_T384s1_D6",11440,0.707029907168991,0.479547892470921,0.994975217358688,356805
"M1B_T384s1_D7","M1B","D7","D7","M1B_T384s1_D7",11152,0.57960534687658,0.562180786487874,0.994975217358688,318695
"M1B_T384s1_D8","M1B","D8","D8","M1B_T384s1_D8",11103,0.557925473771274,0.576895275805105,0.994975217358688,277002
"M1B_T384s1_D9","M1B","D9","D9","M1B_T384s1_D9",12082,0.991080489487491,0.321646279075855,0.994975217358688,596512
"M1B_T384s1_D10","M1B","D10","D10","M1B_T384s1_D10",11703,0.823393307713797,0.410284367524482,0.994975217358688,427400
"M1B_T384s1_D11","M1B","D11","D11","M1B_T384s1_D11",12165,1.02780353984954,0.304042250817263,0.994975217358688,569232
"M1B_T384s1_D12","M1B","D12","D12","M1B_T384s1_D12",12898,1.35211674364932,0.176337971807191,0.994975217358688,1086325
"M1B_T384s1_D13","M1B","D13","D13","M1B_T384s1_D13",12040,0.972497741111514,0.330802988107923,0.994975217358688,600560
"M1B_T384s1_D14","M1B","D14","D14","M1B_T384s1_D14",10473,0.279184248131624,0.780103431399458,0.994975217358688,253251
"M1B_T384s1_D15","M1B","D15","D15","M1B_T384s1_D15",9990,0.0654826418078929,0.947789726501082,0.994975217358688,177665
"M1B_T384s1_D16","M1B","D16","D16","M1B_T384s1_D16",11293,0.641990287853073,0.520879489034944,0.994975217358688,340163
"M1B_T384s1_D17","M1B","D17","D17","M1B_T384s1_D17",11222,0.610576594169874,0.541479921842851,0.994975217358688,371887
"M1B_T384s1_D18","M1B","D18","D18","M1B_T384s1_D18",9973,0.0579610531795214,0.953779651405777,0.994975217358688,196397
"M1B_T384s1_D19","M1B","D19","D19","M1B_T384s1_D19",12493,1.17292595573812,0.240825499860367,0.994975217358688,1098452
"M1B_T384s1_D20","M1B","D20","D20","M1B_T384s1_D20",10881,0.45970237521254,0.645729864415105,0.994975217358688,282095
"M1B_T384s1_D21","M1B","D21","D21","M1B_T384s1_D21",10487,0.285378497590283,0.77535417934087,0.994975217358688,213347
"M1B_T384s1_D22","M1B","D22","D22","M1B_T384s1_D22",11270,0.631814020885276,0.527508410705271,0.994975217358688,311181
"M1B_T384s1_D23","M1B","D23","P7NG# 16 D20 SF GFP +","M1B_T384s1_D23",4845,-2.21090403424924,0.0270424832613511,0.412755200117408,20969
"M1B_T384s1_D24","M1B","D24","P7NG# 8 D20 SF GFP +","M1B_T384s1_D24",4766,-2.24585729905168,0.0247131497497476,0.412602152343613,17584
"M1B_T384s1_E1","M1B","E1","P7NG#1","M1B_T384s1_E1",4860,-2.20426733840068,0.0275055485147504,0.412755200117408,22139
"M1B_T384s1_E2","M1B","E2","AdMyoD","M1B_T384s1_E2",12045,0.974709973061035,0.329704144524224,0.994975217358688,569084
"M1B_T384s1_E3","M1B","E3","E3","M1B_T384s1_E3",13866,1.78040484907659,0.075009728767012,0.729208502443863,3297132
"M1B_T384s1_E4","M1B","E4","E4","M1B_T384s1_E4",10496,0.289360515099421,0.772305507519583,0.994975217358688,222208
"M1B_T384s1_E5","M1B","E5","E5","M1B_T384s1_E5",10415,0.25352235751718,0.799864586563489,0.994975217358688,218362
"M1B_T384s1_E6","M1B","E6","E6","M1B_T384s1_E6",11825,0.87737176728211,0.380284742786372,0.994975217358688,479723
"M1B_T384s1_E7","M1B","E7","E7","M1B_T384s1_E7",11907,0.913652371254255,0.360899538232225,0.994975217358688,488951
"M1B_T384s1_E8","M1B","E8","E8","M1B_T384s1_E8",12794,1.30610231909929,0.19151776443364,0.994975217358688,1298438
"M1B_T384s1_E9","M1B","E9","E9","M1B_T384s1_E9",11910,0.914979710423968,0.360202281754354,0.994975217358688,467218
"M1B_T384s1_E10","M1B","E10","E10","M1B_T384s1_E10",11973,0.942853832987932,0.345755671892275,0.994975217358688,551428
"M1B_T384s1_E11","M1B","E11","E11","M1B_T384s1_E11",11147,0.577393114927059,0.563673924224746,0.994975217358688,408292
"M1B_T384s1_E12","M1B","E12","E12","M1B_T384s1_E12",11726,0.833569574681594,0.404523576555835,0.994975217358688,485863
"M1B_T384s1_E13","M1B","E13","E13","M1B_T384s1_E13",10907,0.471205981350049,0.637493647754065,0.994975217358688,280672
"M1B_T384s1_E14","M1B","E14","E14","M1B_T384s1_E14",10685,0.372982882791316,0.70916118376891,0.994975217358688,245931
"M1B_T384s1_E15","M1B","E15","E15","M1B_T384s1_E15",10785,0.417227521781736,0.676511996374173,0.994975217358688,258600
"M1B_T384s1_E16","M1B","E16","E16","M1B_T384s1_E16",10655,0.35970949109419,0.719064393643317,0.994975217358688,251141
"M1B_T384s1_E17","M1B","E17","E17","M1B_T384s1_E17",10086,0.107957495238697,0.914029408970551,0.994975217358688,170958
"M1B_T384s1_E18","M1B","E18","E18","M1B_T384s1_E18",11242,0.619425521967958,0.535636072189224,0.994975217358688,354300
"M1B_T384s1_E19","M1B","E19","E19","M1B_T384s1_E19",10897,0.466781517451007,0.640656200590148,0.994975217358688,248189
"M1B_T384s1_E20","M1B","E20","E20","M1B_T384s1_E20",9660,-0.0805246668604949,0.935819978615353,0.994975217358688,159314
"M1B_T384s1_E21","M1B","E21","E21","M1B_T384s1_E21",11438,0.706145014389183,0.480097960629954,0.994975217358688,479632
"M1B_T384s1_E22","M1B","E22","E22","M1B_T384s1_E22",10619,0.343781421057638,0.731010673432472,0.994975217358688,242891
"M1B_T384s1_E23","M1B","E23","P7NG# 14 D20 SF GFP -","M1B_T384s1_E23",5374,-1.97684989398992,0.0480585999786434,0.542779482111738,23909
"M1B_T384s1_E24","M1B","E24","P7NG# 10 D20 SF GFP -","M1B_T384s1_E24",4756,-2.25028176295072,0.0244310648628164,0.412602152343613,20641
"M1B_T384s1_F1","M1B","F1","P7NG#5","M1B_T384s1_F1",6394,-1.52555457628763,0.127120831897006,0.994975217358688,38708
"M1B_T384s1_F2","M1B","F2","AdMyoD","M1B_T384s1_F2",12669,1.25079652036126,0.211008724736364,0.994975217358688,799610
"M1B_T384s1_F3","M1B","F3","F3","M1B_T384s1_F3",10511,0.295997210947984,0.767232211355386,0.994975217358688,217591
"M1B_T384s1_F4","M1B","F4","F4","M1B_T384s1_F4",11194,0.598188095252556,0.549714433942283,0.994975217358688,301585
"M1B_T384s1_F5","M1B","F5","F5","M1B_T384s1_F5",12730,1.27778575014542,0.201324980176818,0.994975217358688,1027712
"M1B_T384s1_F6","M1B","F6","F6","M1B_T384s1_F6",10400,0.246885661668617,0.804996713240853,0.994975217358688,210291
"M1B_T384s1_F7","M1B","F7","F7","M1B_T384s1_F7",11157,0.581817578826101,0.560689562056578,0.994975217358688,417795
"M1B_T384s1_F8","M1B","F8","F8","M1B_T384s1_F8",11447,0.71012703189832,0.477625364639393,0.994975217358688,527353
"M1B_T384s1_F9","M1B","F9","F9","M1B_T384s1_F9",11130,0.569871526298687,0.568764838394457,0.994975217358688,352175
"M1B_T384s1_F10","M1B","F10","F10","M1B_T384s1_F10",12403,1.13310578064674,0.257169834114194,0.994975217358688,665585
"M1B_T384s1_F11","M1B","F11","F11","M1B_T384s1_F11",12905,1.35521386837865,0.175349427412176,0.994975217358688,1465741
"M1B_T384s1_F12","M1B","F12","F12","M1B_T384s1_F12",11333,0.659688143449241,0.509453976894654,0.994975217358688,342137
"M1B_T384s1_F13","M1B","F13","F13","M1B_T384s1_F13",11785,0.859673911685942,0.389968819486293,0.994975217358688,486750
"M1B_T384s1_F14","M1B","F14","F14","M1B_T384s1_F14",11034,0.527396672867883,0.597918153513235,0.994975217358688,289528
"M1B_T384s1_F15","M1B","F15","F15","M1B_T384s1_F15",9747,-0.0420318309388291,0.966473323111434,0.994975217358688,205497
"M1B_T384s1_F16","M1B","F16","F16","M1B_T384s1_F16",10793,0.42076709290097,0.673925163206903,0.994975217358688,264443
"M1B_T384s1_F17","M1B","F17","F17","M1B_T384s1_F17",10951,0.490673622505834,0.623657305579701,0.994975217358688,251553
"M1B_T384s1_F18","M1B","F18","F18","M1B_T384s1_F18",11296,0.643317627022785,0.520018020835072,0.994975217358688,506581
"M1B_T384s1_F19","M1B","F19","F19","M1B_T384s1_F19",11277,0.634911145614605,0.525486367472622,0.994975217358688,350193
"M1B_T384s1_F20","M1B","F20","F20","M1B_T384s1_F20",9652,-0.0840642379797286,0.933005357922663,0.994975217358688,145461
"M1B_T384s1_F21","M1B","F21","F21","M1B_T384s1_F21",11422,0.699065872150715,0.484510865323075,0.994975217358688,392046
"M1B_T384s1_F22","M1B","F22","F22","M1B_T384s1_F22",12167,1.02868843262935,0.303626107285085,0.994975217358688,780266
"M1B_T384s1_F23","M1B","F23","P7NG# 14 D20 SF GFP +","M1B_T384s1_F23",4288,-2.45734667342589,0.0139967544600433,0.37250293225588,15129
"M1B_T384s1_F24","M1B","F24","P7NG# 10 D20 SF GFP +","M1B_T384s1_F24",3603,-2.76042245051027,0.00577266613005801,0.293764263161503,11304
"M1B_T384s1_G1","M1B","G1","P7NG#6","M1B_T384s1_G1",5880,-1.75297202069839,0.0796068098550476,0.739416355828135,35785
"M1B_T384s1_G2","M1B","G2","AdMyoD","M1B_T384s1_G2",13015,1.40388297126811,0.160353701279183,0.994975217358688,1001546
"M1B_T384s1_G3","M1B","G3","G3","M1B_T384s1_G3",10419,0.255292143076797,0.798497467862355,0.994975217358688,213577
"M1B_T384s1_G4","M1B","G4","G4","M1B_T384s1_G4",10825,0.434925377377904,0.663616593583097,0.994975217358688,216390
"M1B_T384s1_G5","M1B","G5","G5","M1B_T384s1_G5",10831,0.43758005571733,0.661690731528922,0.994975217358688,247579
"M1B_T384s1_G6","M1B","G6","G6","M1B_T384s1_G6",9419,-0.187154246827408,0.851539696662762,0.994975217358688,133361
"M1B_T384s1_G7","M1B","G7","G7","M1B_T384s1_G7",11136,0.572526204638112,0.566965538085365,0.994975217358688,294084
"M1B_T384s1_G8","M1B","G8","G8","M1B_T384s1_G8",10410,0.251310125567659,0.801574347255855,0.994975217358688,226870
"M1B_T384s1_G9","M1B","G9","G9","M1B_T384s1_G9",10640,0.353072795245626,0.724033867388516,0.994975217358688,261128
"M1B_T384s1_G10","M1B","G10","G10","M1B_T384s1_G10",11232,0.615001058068916,0.53855402167323,0.994975217358688,391808
"M1B_T384s1_G11","M1B","G11","G11","M1B_T384s1_G11",12389,1.12691153118808,0.259779887469631,0.994975217358688,771625
"M1B_T384s1_G12","M1B","G12","G12","M1B_T384s1_G12",11332,0.659245697059337,0.509738006829684,0.994975217358688,321158
"M1B_T384s1_G13","M1B","G13","G13","M1B_T384s1_G13",10573,0.323428887122045,0.746370455377395,0.994975217358688,217378
"M1B_T384s1_G14","M1B","G14","G14","M1B_T384s1_G14",9893,0.0225653419871849,0.981996989871587,0.996709008282428,174626
"M1B_T384s1_G15","M1B","G15","G15","M1B_T384s1_G15",12276,1.07691508912891,0.281518201369032,0.994975217358688,645097
"M1B_T384s1_G16","M1B","G16","G16","M1B_T384s1_G16",11069,0.542882296514531,0.587210845826379,0.994975217358688,308115
"M1B_T384s1_G17","M1B","G17","G17","M1B_T384s1_G17",9702,-0.0619419184845183,0.950609085446258,0.994975217358688,156371
"M1B_T384s1_G18","M1B","G18","G18","M1B_T384s1_G18",9676,-0.0734455246220277,0.941451591980036,0.994975217358688,142038
"M1B_T384s1_G19","M1B","G19","G19","M1B_T384s1_G19",8643,-0.530492645393072,0.595770406880121,0.994975217358688,103452
"M1B_T384s1_G20","M1B","G20","G20","M1B_T384s1_G20",9511,-0.146449178956222,0.8835668065806,0.994975217358688,139527
"M1B_T384s1_G21","M1B","G21","G21","M1B_T384s1_G21",11458,0.714993942187267,0.474612786503098,0.994975217358688,375624
"M1B_T384s1_G22","M1B","G22","G22","M1B_T384s1_G22",11491,0.729594673054105,0.465637979302403,0.994975217358688,377409
"M1B_T384s1_G23","M1B","G23","P7NG# 5 D20 SF GFP -","M1B_T384s1_G23",7596,-0.993734015622775,0.320352377749975,0.994975217358688,58956
"M1B_T384s1_G24","M1B","G24","P7NG# 8 D30 GFP -","M1B_T384s1_G24",5242,-2.03525281745728,0.041825441021175,0.5098720429248,25532
"M1B_T384s1_H1","M1B","H1","P7NG#8","M1B_T384s1_H1",7063,-1.22955794144172,0.218862687896347,0.994975217358688,51800
"M1B_T384s1_H2","M1B","H2","AdMyoD","M1B_T384s1_H2",13126,1.45299452054748,0.14622527537795,0.994975217358688,1200671
"M1B_T384s1_H3","M1B","H3","H3","M1B_T384s1_H3",11679,0.812774594356096,0.416347304146004,0.994975217358688,378742
"M1B_T384s1_H4","M1B","H4","H4","M1B_T384s1_H4",10691,0.375637561130741,0.707186362656371,0.994975217358688,256021
"M1B_T384s1_H5","M1B","H5","H5","M1B_T384s1_H5",11476,0.722957977205542,0.469705702192458,0.994975217358688,413214
"M1B_T384s1_H6","M1B","H6","H6","M1B_T384s1_H6",8693,-0.508370325897862,0.611193659088649,0.994975217358688,110511
"M1B_T384s1_H7","M1B","H7","H7","M1B_T384s1_H7",11362,0.672519088756463,0.501253292013155,0.994975217358688,328957
"M1B_T384s1_H8","M1B","H8","H8","M1B_T384s1_H8",11099,0.556155688211657,0.57810442847247,0.994975217358688,350956
"M1B_T384s1_H9","M1B","H9","H9","M1B_T384s1_H9",10838,0.440677180446659,0.659446719097341,0.994975217358688,310812
"M1B_T384s1_H10","M1B","H10","H10","M1B_T384s1_H10",14067,1.86933657344734,0.0615760028280718,0.647813290026838,3932587
"M1B_T384s1_H11","M1B","H11","H11","M1B_T384s1_H11",9608,-0.103531879135514,0.917540849540563,0.994975217358688,160801
"M1B_T384s1_H12","M1B","H12","H12","M1B_T384s1_H12",11783,0.858789018906133,0.390456927034991,0.994975217358688,637650
"M1B_T384s1_H13","M1B","H13","H13","M1B_T384s1_H13",10320,0.211489950476281,0.832504973230462,0.994975217358688,205758
"M1B_T384s1_H14","M1B","H14","H14","M1B_T384s1_H14",11667,0.807465237677246,0.419398494454744,0.994975217358688,432377
"M1B_T384s1_H15","M1B","H15","H15","M1B_T384s1_H15",11073,0.544652082074148,0.585992827075659,0.994975217358688,320866
"M1B_T384s1_H16","M1B","H16","H16","M1B_T384s1_H16",9795,-0.0207944042234272,0.983409661558078,0.996709008282428,166956
"M1B_T384s1_H17","M1B","H17","H17","M1B_T384s1_H17",11425,0.700393211320428,0.483681774681907,0.994975217358688,343194
"M1B_T384s1_H18","M1B","H18","H18","M1B_T384s1_H18",11235,0.616328397238629,0.537677800389224,0.994975217358688,355768
"M1B_T384s1_H19","M1B","H19","H19","M1B_T384s1_H19",10271,0.189810077370975,0.849457958854985,0.994975217358688,190309
"M1B_T384s1_H20","M1B","H20","H20","M1B_T384s1_H20",10443,0.265910856434498,0.790307863796411,0.994975217358688,222106
"M1B_T384s1_H21","M1B","H21","H21","M1B_T384s1_H21",9880,0.0168135389184303,0.986585368929229,0.996709008282428,176735
"M1B_T384s1_H22","M1B","H22","H22","M1B_T384s1_H22",10919,0.4765153380289,0.633707282779291,0.994975217358688,336795
"M1B_T384s1_H23","M1B","H23","P7NG# 5 D20 SF GFP +","M1B_T384s1_H23",7273,-1.13664419956183,0.255687054907481,0.994975217358688,45012
"M1B_T384s1_H24","M1B","H24","P7NG# 8 D30 GFP +","M1B_T384s1_H24",4611,-2.31443648948683,0.0206437912538943,0.409654454830882,19541
"M1B_T384s1_I1","M1B","I1","P7NG#9","M1B_T384s1_I1",4949,-2.16488960969921,0.0303961401024155,0.412755200117408,21550
"M1B_T384s1_I2","M1B","I2","5D Inj TA 2","M1B_T384s1_I2",3847,-2.65246553137364,0.00799062860041409,0.293764263161503,12141
"M1B_T384s1_I3","M1B","I3","I3","M1B_T384s1_I3",10702,0.380504471419687,0.703570978009457,0.994975217358688,240095
"M1B_T384s1_I4","M1B","I4","I4","M1B_T384s1_I4",9223,-0.273873739248633,0.784181653303016,0.994975217358688,118727
"M1B_T384s1_I5","M1B","I5","I5","M1B_T384s1_I5",10079,0.104860370509367,0.916486605299064,0.994975217358688,183218
"M1B_T384s1_I6","M1B","I6","I6","M1B_T384s1_I6",9604,-0.10530166469513,0.91613644208554,0.994975217358688,128163
"M1B_T384s1_I7","M1B","I7","I7","M1B_T384s1_I7",12116,1.00612366674423,0.314356085380075,0.994975217358688,545393
"M1B_T384s1_I8","M1B","I8","I8","M1B_T384s1_I8",10904,0.469878642180337,0.638441724210866,0.994975217358688,324763
"M1B_T384s1_I9","M1B","I9","I9","M1B_T384s1_I9",10192,0.154856812568542,0.876934201416102,0.994975217358688,199673
"M1B_T384s1_I10","M1B","I10","I10","M1B_T384s1_I10",10454,0.270777766723444,0.78656196085087,0.994975217358688,193845
"M1B_T384s1_I11","M1B","I11","I11","M1B_T384s1_I11",11601,0.778263775943568,0.436413525911666,0.994975217358688,444173
"M1B_T384s1_I12","M1B","I12","I12","M1B_T384s1_I12",11363,0.672961535146367,0.500971762246899,0.994975217358688,353526
"M1B_T384s1_I13","M1B","I13","I13","M1B_T384s1_I13",11353,0.668537071247325,0.503790826495526,0.994975217358688,412935
"M1B_T384s1_I14","M1B","I14","I14","M1B_T384s1_I14",11273,0.633141360054989,0.526641335095172,0.994975217358688,336333
"M1B_T384s1_I15","M1B","I15","I15","M1B_T384s1_I15",9575,-0.118132610002352,0.905962585305583,0.994975217358688,166640
"M1B_T384s1_I16","M1B","I16","I16","M1B_T384s1_I16",10711,0.384486488928825,0.700617908060638,0.994975217358688,239358
"M1B_T384s1_I17","M1B","I17","I17","M1B_T384s1_I17",9760,-0.0362800278700744,0.971059074905444,0.996709008282428,186250
"M1B_T384s1_I18","M1B","I18","I18","M1B_T384s1_I18",10483,0.283608712030666,0.776710259915146,0.994975217358688,260221
"M1B_T384s1_I19","M1B","I19","I19","M1B_T384s1_I19",9827,-0.00663611974649263,0.994705181372942,0.996709008282428,147503
"M1B_T384s1_I20","M1B","I20","I20","M1B_T384s1_I20",11828,0.878699106451823,0.379564443278001,0.994975217358688,622567
"M1B_T384s1_I21","M1B","I21","I21","M1B_T384s1_I21",11048,0.533590922326542,0.593624590107313,0.994975217358688,285783
"M1B_T384s1_I22","M1B","I22","I22","M1B_T384s1_I22",10469,0.277414462572007,0.781461877737005,0.994975217358688,291854
"M1B_T384s1_I23","M1B","I23","DMSO","M1B_T384s1_I23",11706,0.82472064688351,0.409530206982386,0.994975217358688,601327
"M1B_T384s1_I24","M1B","I24","P7NG# 13 D30 GFP -","M1B_T384s1_I24",6699,-1.39060842736685,0.164344199441867,0.994975217358688,44291
"M1B_T384s1_J1","M1B","J1","P7NG#10","M1B_T384s1_J1",5835,-1.77288210824408,0.0762482439772757,0.731983142181846,31452
"M1B_T384s1_J2","M1B","J2","5D Inj TA 3","M1B_T384s1_J2",4939,-2.16931407359825,0.0300588474819384,0.412755200117408,19087
"M1B_T384s1_J3","M1B","J3","J3","M1B_T384s1_J3",10254,0.182288488742603,0.855356331991122,0.994975217358688,187702
"M1B_T384s1_J4","M1B","J4","J4","M1B_T384s1_J4",11654,0.801713434608491,0.422718742671341,0.994975217358688,409284
"M1B_T384s1_J5","M1B","J5","J5","M1B_T384s1_J5",10105,0.116363976646877,0.907364083874436,0.994975217358688,194758
"M1B_T384s1_J6","M1B","J6","J6","M1B_T384s1_J6",11648,0.799058756269066,0.424256343173064,0.994975217358688,494927
"M1B_T384s1_J7","M1B","J7","J7","M1B_T384s1_J7",10278,0.192907202100304,0.847031644517898,0.994975217358688,225892
"M1B_T384s1_J8","M1B","J8","J8","M1B_T384s1_J8",10374,0.235382055531108,0.81391221247069,0.994975217358688,240784
"M1B_T384s1_J9","M1B","J9","J9","M1B_T384s1_J9",11404,0.69110183713244,0.489501545867948,0.994975217358688,408959
"M1B_T384s1_J10","M1B","J10","J10","M1B_T384s1_J10",9948,0.0468998934319162,0.962593013031265,0.994975217358688,164483
"M1B_T384s1_J11","M1B","J11","J11","M1B_T384s1_J11",10110,0.118576208596398,0.905611115135781,0.994975217358688,187890
"M1B_T384s1_J12","M1B","J12","J12","M1B_T384s1_J12",11550,0.755699010058454,0.449829677742139,0.994975217358688,540863
"M1B_T384s1_J13","M1B","J13","J13","M1B_T384s1_J13",9556,-0.126539091410532,0.899305207253011,0.994975217358688,143924
"M1B_T384s1_J14","M1B","J14","J14","M1B_T384s1_J14",10969,0.49863765752411,0.618034671039744,0.994975217358688,289815
"M1B_T384s1_J15","M1B","J15","J15","M1B_T384s1_J15",10074,0.102648138559846,0.918242235551714,0.994975217358688,176842
"M1B_T384s1_J16","M1B","J16","J16","M1B_T384s1_J16",9829,-0.00575122696668422,0.99541121009456,0.996709008282428,179222
"M1B_T384s1_J17","M1B","J17","J17","M1B_T384s1_J17",9387,-0.201312531304343,0.840454204583182,0.994975217358688,124887
"M1B_T384s1_J18","M1B","J18","J18","M1B_T384s1_J18",10548,0.31236772737444,0.754761073974323,0.994975217358688,243053
"M1B_T384s1_J19","M1B","J19","J19","M1B_T384s1_J19",10203,0.159723722857489,0.873098712675532,0.994975217358688,195431
"M1B_T384s1_J20","M1B","J20","J20","M1B_T384s1_J20",9964,0.0539790356703835,0.956951866997239,0.994975217358688,184741
"M1B_T384s1_J21","M1B","J21","J21","M1B_T384s1_J21",11023,0.522529762578937,0.601301529557225,0.994975217358688,433210
"M1B_T384s1_J22","M1B","J22","J22","M1B_T384s1_J22",11311,0.649954322871348,0.515721726949773,0.994975217358688,368067
"M1B_T384s1_J23","M1B","J23","DMSO","M1B_T384s1_J23",12477,1.16584681349965,0.243676386090807,0.994975217358688,925278
"M1B_T384s1_J24","M1B","J24","P7NG# 13 D30 GFP +","M1B_T384s1_J24",5769,-1.80208356997776,0.0715322582717814,0.721834938546692,29891
"M1B_T384s1_K1","M1B","K1","P7NG#13","M1B_T384s1_K1",7520,-1.02735994125549,0.304251006923994,0.994975217358688,64745
"M1B_T384s1_K2","M1B","K2","P7NG#5 GFP High","M1B_T384s1_K2",5869,-1.75783893098734,0.078774919134685,0.739416355828135,34834
"M1B_T384s1_K3","M1B","K3","K3","M1B_T384s1_K3",10347,0.223436003003694,0.823196186157432,0.994975217358688,204259
"M1B_T384s1_K4","M1B","K4","K4","M1B_T384s1_K4",11611,0.78268823984261,0.433810209832446,0.994975217358688,412882
"M1B_T384s1_K5","M1B","K5","K5","M1B_T384s1_K5",9992,0.0663675345877013,0.947085216842452,0.994975217358688,159205
"M1B_T384s1_K6","M1B","K6","K6","M1B_T384s1_K6",9255,-0.259715454771698,0.795083270437476,0.994975217358688,140006
"M1B_T384s1_K7","M1B","K7","K7","M1B_T384s1_K7",12387,1.12602663840827,0.260154244078037,0.994975217358688,859969
"M1B_T384s1_K8","M1B","K8","K8","M1B_T384s1_K8",11035,0.527839119257788,0.597611003084426,0.994975217358688,321428
"M1B_T384s1_K9","M1B","K9","K9","M1B_T384s1_K9",9188,-0.28935936289528,0.772306389152779,0.994975217358688,130335
"M1B_T384s1_K10","M1B","K10","K10","M1B_T384s1_K10",13361,1.55696942217497,0.119477745435384,0.965883247309211,2084304
"M1B_T384s1_K11","M1B","K11","K11","M1B_T384s1_K11",11223,0.611019040559778,0.541186975061254,0.994975217358688,321938
"M1B_T384s1_K12","M1B","K12","K12","M1B_T384s1_K12",11220,0.609691701390066,0.542066052818561,0.994975217358688,337889
"M1B_T384s1_K13","M1B","K13","K13","M1B_T384s1_K13",13342,1.54856294076679,0.12148682040033,0.971894563202639,2226088
"M1B_T384s1_K14","M1B","K14","K14","M1B_T384s1_K14",12425,1.14283960122463,0.253105193342945,0.994975217358688,767460
"M1B_T384s1_K15","M1B","K15","K15","M1B_T384s1_K15",11711,0.826932878833031,0.408275106544985,0.994975217358688,604680
"M1B_T384s1_K16","M1B","K16","K16","M1B_T384s1_K16",9988,0.0645977490280845,0.948494276983788,0.994975217358688,197022
"M1B_T384s1_K17","M1B","K17","K17","M1B_T384s1_K17",8692,-0.508812772287766,0.610883465908938,0.994975217358688,101085
"M1B_T384s1_K18","M1B","K18","K18","M1B_T384s1_K18",10564,0.319446869612907,0.749387674246463,0.994975217358688,267901
"M1B_T384s1_K19","M1B","K19","K19","M1B_T384s1_K19",8976,-0.383157997554972,0.701602618964504,0.994975217358688,131113
"M1B_T384s1_K20","M1B","K20","K20","M1B_T384s1_K20",10592,0.331835368530225,0.740013575842154,0.994975217358688,266454
"M1B_T384s1_K21","M1B","K21","K21","M1B_T384s1_K21",10831,0.43758005571733,0.661690731528922,0.994975217358688,258778
"M1B_T384s1_K22","M1B","K22","K22","M1B_T384s1_K22",9417,-0.188039139607217,0.850845969433988,0.994975217358688,140745
"M1B_T384s1_K23","M1B","K23","DMSO","M1B_T384s1_K23",11352,0.668094624857421,0.504073192723972,0.994975217358688,469901
"M1B_T384s1_K24","M1B","K24","P7NG# 10 D30 GFP -","M1B_T384s1_K24",4135,-2.52504097108123,0.01156848013559,0.355383709765324,15351
"M1B_T384s1_L1","M1B","L1","P7NG#15","M1B_T384s1_L1",5655,-1.85252245842684,0.0639508356464828,0.663705969952686,31690
"M1B_T384s1_L2","M1B","L2","P7NG#8 GFP High","M1B_T384s1_L2",5293,-2.01268805157216,0.0441474571635639,0.529769485962767,25194
"M1B_T384s1_L3","M1B","L3","L3","M1B_T384s1_L3",10455,0.271220213113348,0.786221667610395,0.994975217358688,290899
"M1B_T384s1_L4","M1B","L4","L4","M1B_T384s1_L4",9489,-0.156182999534114,0.875888776692664,0.994975217358688,173505
"M1B_T384s1_L5","M1B","L5","L5","M1B_T384s1_L5",10130,0.127425136394482,0.898603922434399,0.994975217358688,184480
"M1B_T384s1_L6","M1B","L6","L6","M1B_T384s1_L6",10735,0.395105202286526,0.692765249708211,0.994975217358688,270938
"M1B_T384s1_L7","M1B","L7","L7","M1B_T384s1_L7",10215,0.165033079536339,0.86891794532513,0.994975217358688,196618
"M1B_T384s1_L8","M1B","L8","L8","M1B_T384s1_L8",11552,0.756583902838262,0.449299188241076,0.994975217358688,436861
"M1B_T384s1_L9","M1B","L9","L9","M1B_T384s1_L9",9299,-0.240247813615913,0.810138148969293,0.994975217358688,138631
"M1B_T384s1_L10","M1B","L10","L10","M1B_T384s1_L10",10066,0.0991085674406125,0.921052069747762,0.994975217358688,216094
"M1B_T384s1_L11","M1B","L11","L11","M1B_T384s1_L11",9390,-0.19998519213463,0.841492162154075,0.994975217358688,158489
"M1B_T384s1_L12","M1B","L12","L12","M1B_T384s1_L12",10554,0.315022405713865,0.752744642041161,0.994975217358688,217428
"M1B_T384s1_L13","M1B","L13","L13","M1B_T384s1_L13",9281,-0.248211848634189,0.803970499276792,0.994975217358688,143284
"M1B_T384s1_L14","M1B","L14","L14","M1B_T384s1_L14",10096,0.112381959137739,0.910520559226364,0.994975217358688,197264
"M1B_T384s1_L15","M1B","L15","L15","M1B_T384s1_L15",9907,0.0287595914458438,0.977056328892934,0.996709008282428,161748
"M1B_T384s1_L16","M1B","L16","L16","M1B_T384s1_L16",10732,0.393777863116813,0.693745049363146,0.994975217358688,291175
"M1B_T384s1_L17","M1B","L17","L17","M1B_T384s1_L17",9558,-0.125654198630724,0.900005658606682,0.994975217358688,152202
"M1B_T384s1_L18","M1B","L18","L18","M1B_T384s1_L18",10985,0.505716799762577,0.613055472964687,0.994975217358688,267272
"M1B_T384s1_L19","M1B","L19","L19","M1B_T384s1_L19",10644,0.354842580805243,0.72270752655547,0.994975217358688,266304
"M1B_T384s1_L20","M1B","L20","L20","M1B_T384s1_L20",11760,0.848612751938337,0.396096808889994,0.994975217358688,456205
"M1B_T384s1_L21","M1B","L21","L21","M1B_T384s1_L21",9479,-0.160607463433156,0.872402576246282,0.994975217358688,161400
"M1B_T384s1_L22","M1B","L22","L22","M1B_T384s1_L22",10670,0.366346186942753,0.714106769242769,0.994975217358688,273969
"M1B_T384s1_L23","M1B","L23","DMSO","M1B_T384s1_L23",11394,0.686677373233398,0.492286058590443,0.994975217358688,487598
"M1B_T384s1_L24","M1B","L24","P7NG# 10 D30 GFP +","M1B_T384s1_L24",4652,-2.29629618750076,0.0216589519492729,0.409654454830882,18232
"M1B_T384s1_M1","M1B","M1","P7NG#16","M1B_T384s1_M1",3168,-2.9528866301186,0.00314817558592034,0.268644316665203,9963
"M1B_T384s1_M2","M1B","M2","P7NG#10 GFP High","M1B_T384s1_M2",4059,-2.55866689671395,0.0105074369555596,0.350857025298686,15649
"M1B_T384s1_M3","M1B","M3","M3","M1B_T384s1_M3",9121,-0.319003271018862,0.749724032358923,0.994975217358688,133624
"M1B_T384s1_M4","M1B","M4","M4","M1B_T384s1_M4",9276,-0.25042408058371,0.802259409147034,0.994975217358688,124209
"M1B_T384s1_M5","M1B","M5","M5","M1B_T384s1_M5",8870,-0.430057314884817,0.667153949298473,0.994975217358688,128212
"M1B_T384s1_M6","M1B","M6","M6","M1B_T384s1_M6",10049,0.091586978812241,0.927026197367117,0.994975217358688,185410
"M1B_T384s1_M7","M1B","M7","M7","M1B_T384s1_M7",9726,-0.0513232051268174,0.959067977451623,0.994975217358688,155338
"M1B_T384s1_M8","M1B","M8","M8","M1B_T384s1_M8",10481,0.282723819250858,0.777388555755351,0.994975217358688,242667
"M1B_T384s1_M9","M1B","M9","M9","M1B_T384s1_M9",9664,-0.0787548813008781,0.9372275920311,0.994975217358688,157753
"M1B_T384s1_M10","M1B","M10","M10","M1B_T384s1_M10",9363,-0.211931244662044,0.832160674496919,0.994975217358688,130485
"M1B_T384s1_M11","M1B","M11","M11","M1B_T384s1_M11",8507,-0.590665354420044,0.554744665915155,0.994975217358688,98687
"M1B_T384s1_M12","M1B","M12","M12","M1B_T384s1_M12",10577,0.325198672681662,0.745030713183086,0.994975217358688,301887
"M1B_T384s1_M13","M1B","M13","M13","M1B_T384s1_M13",9662,-0.0796397740806865,0.936523760523662,0.994975217358688,154400
"M1B_T384s1_M14","M1B","M14","M14","M1B_T384s1_M14",14159,1.91004164131853,0.0561278519911032,0.615802718988104,2295117
"M1B_T384s1_M15","M1B","M15","M15","M1B_T384s1_M15",10804,0.425634003189916,0.670374559016807,0.994975217358688,261583
"M1B_T384s1_M16","M1B","M16","M16","M1B_T384s1_M16",10574,0.323871333511949,0.746035447767574,0.994975217358688,249954
"M1B_T384s1_M17","M1B","M17","M17","M1B_T384s1_M17",9032,-0.358380999720336,0.720058208681649,0.994975217358688,113884
"M1B_T384s1_M18","M1B","M18","M18","M1B_T384s1_M18",11093,0.553501009872232,0.579920389265589,0.994975217358688,455125
"M1B_T384s1_M19","M1B","M19","M19","M1B_T384s1_M19",9426,-0.184057122098079,0.853968643348741,0.994975217358688,137164
"M1B_T384s1_M20","M1B","M20","M20","M1B_T384s1_M20",9654,-0.0831793451999202,0.933708935960123,0.994975217358688,156251
"M1B_T384s1_M21","M1B","M21","M21","M1B_T384s1_M21",10197,0.157069044518063,0.875190433626145,0.994975217358688,248550
"M1B_T384s1_M22","M1B","M22","M22","M1B_T384s1_M22",8753,-0.481823542503609,0.629931303713126,0.994975217358688,113570
"M1B_T384s1_M23","M1B","M23","AdMyoD","M1B_T384s1_M23",11750,0.844188288039295,0.39856419815588,0.994975217358688,473773
"M1B_T384s1_M24","M1B","M24","#1 MN(0Days) NRM","M1B_T384s1_M24",6504,-1.47688547339817,0.139706339524311,0.994975217358688,31368
"M1B_T384s1_N1","M1B","N1","Un Inj TA 1","M1B_T384s1_N1",2529,-3.23560987326738,0.00121383159545511,0.143845659673433,8268
"M1B_T384s1_N2","M1B","N2","P7NG# 7 D5 Diff GFP -","M1B_T384s1_N2",3422,-2.84050524708293,0.0045042131971127,0.293764263161503,11721
"M1B_T384s1_N3","M1B","N3","N3","M1B_T384s1_N3",8297,-0.683579096299927,0.494240988254141,0.994975217358688,84885
"M1B_T384s1_N4","M1B","N4","N4","M1B_T384s1_N4",9022,-0.362805463619378,0.716750210204687,0.994975217358688,120263
"M1B_T384s1_N5","M1B","N5","N5","M1B_T384s1_N5",11268,0.630929128105468,0.528086865314165,0.994975217358688,353954
"M1B_T384s1_N6","M1B","N6","N6","M1B_T384s1_N6",10537,0.307500817085493,0.758462201192541,0.994975217358688,212611
"M1B_T384s1_N7","M1B","N7","N7","M1B_T384s1_N7",10032,0.0840653901838695,0.933004441839424,0.994975217358688,193702
"M1B_T384s1_N8","M1B","N8","N8","M1B_T384s1_N8",10768,0.409705933153365,0.682021677200011,0.994975217358688,255061
"M1B_T384s1_N9","M1B","N9","N9","M1B_T384s1_N9",12256,1.06806616133082,0.285490668581757,0.994975217358688,792626
"M1B_T384s1_N10","M1B","N10","N10","M1B_T384s1_N10",11349,0.666767285687708,0.504920792158828,0.994975217358688,427415
"M1B_T384s1_N11","M1B","N11","N11","M1B_T384s1_N11",9916,0.0327416089549817,0.973880642517273,0.996709008282428,172318
"M1B_T384s1_N12","M1B","N12","N12","M1B_T384s1_N12",11597,0.776493990383951,0.437457367787655,0.994975217358688,403882
"M1B_T384s1_N13","M1B","N13","N13","M1B_T384s1_N13",10421,0.256177035856605,0.797814139839742,0.994975217358688,221393
"M1B_T384s1_N14","M1B","N14","N14","M1B_T384s1_N14",10646,0.355727473585052,0.722044668164904,0.994975217358688,288619
"M1B_T384s1_N15","M1B","N15","N15","M1B_T384s1_N15",10161,0.141140974481512,0.887758574669817,0.994975217358688,182480
"M1B_T384s1_N16","M1B","N16","N16","M1B_T384s1_N16",10358,0.228302913292641,0.819410759881981,0.994975217358688,195831
"M1B_T384s1_N17","M1B","N17","N17","M1B_T384s1_N17",9625,-0.0960102905071421,0.923512399678527,0.994975217358688,154742
"M1B_T384s1_N18","M1B","N18","N18","M1B_T384s1_N18",10740,0.397317434236047,0.691133392579719,0.994975217358688,270898
"M1B_T384s1_N19","M1B","N19","N19","M1B_T384s1_N19",9919,0.0340689481246943,0.972822169910736,0.996709008282428,155050
"M1B_T384s1_N20","M1B","N20","N20","M1B_T384s1_N20",9938,0.0424754295328742,0.966119698461181,0.994975217358688,201346
"M1B_T384s1_N21","M1B","N21","N21","M1B_T384s1_N21",10209,0.162378401196914,0.871007878457675,0.994975217358688,218180
"M1B_T384s1_N22","M1B","N22","N22","M1B_T384s1_N22",8565,-0.5650034638056,0.572071408185206,0.994975217358688,96883
"M1B_T384s1_N23","M1B","N23","AdMyoD","M1B_T384s1_N23",11864,0.894627176488374,0.370986419247144,0.994975217358688,486255
"M1B_T384s1_N24","M1B","N24","#2 MN(0Days) NRM","M1B_T384s1_N24",4486,-2.36974228822485,0.0178004878572266,0.409654454830882,13028
"M1B_T384s1_O1","M1B","O1","Un inj TA 2","M1B_T384s1_O1",1290,-3.7838009503587,0.000154451362870926,0.0344106712338107,2280
"M1B_T384s1_O2","M1B","O2","P7NG# 7 D5 Diff GFP +","M1B_T384s1_O2",3503,-2.80466708950069,0.00503685734262561,0.293764263161503,10794
"M1B_T384s1_O3","M1B","O3","O3","M1B_T384s1_O3",9887,0.0199106636477597,0.984114638471345,0.996709008282428,168034
"M1B_T384s1_O4","M1B","O4","O4","M1B_T384s1_O4",10561,0.318119530443194,0.75039426943067,0.994975217358688,227714
"M1B_T384s1_O5","M1B","O5","O5","M1B_T384s1_O5",13881,1.78704154492516,0.073930774116798,0.727933775919242,2586333
"M1B_T384s1_O6","M1B","O6","O6","M1B_T384s1_O6",10074,0.102648138559846,0.918242235551714,0.994975217358688,181418
"M1B_T384s1_O7","M1B","O7","O7","M1B_T384s1_O7",11705,0.824278200493605,0.409781502171221,0.994975217358688,479701
"M1B_T384s1_O8","M1B","O8","O8","M1B_T384s1_O8",12345,1.1074438900323,0.26810205886207,0.994975217358688,751812
"M1B_T384s1_O9","M1B","O9","O9","M1B_T384s1_O9",10386,0.240691412209958,0.809794295395797,0.994975217358688,204776
"M1B_T384s1_O10","M1B","O10","O10","M1B_T384s1_O10",10344,0.222108663833982,0.824229293538423,0.994975217358688,226247
"M1B_T384s1_O11","M1B","O11","O11","M1B_T384s1_O11",9614,-0.100877200796088,0.919647941897797,0.994975217358688,137044
"M1B_T384s1_O12","M1B","O12","O12","M1B_T384s1_O12",11358,0.670749303196846,0.502380248602568,0.994975217358688,325899
"M1B_T384s1_O13","M1B","O13","O13","M1B_T384s1_O13",10688,0.374310221961028,0.70817352792182,0.994975217358688,231645
"M1B_T384s1_O14","M1B","O14","O14","M1B_T384s1_O14",10899,0.467666410230816,0.640023165414359,0.994975217358688,445868
"M1B_T384s1_O15","M1B","O15","O15","M1B_T384s1_O15",10237,0.174766900114232,0.861262797889477,0.994975217358688,221888
"M1B_T384s1_O16","M1B","O16","O16","M1B_T384s1_O16",11834,0.881353784791248,0.37812636340362,0.994975217358688,470316
"M1B_T384s1_O17","M1B","O17","O17","M1B_T384s1_O17",10841,0.442004519616372,0.658485935394731,0.994975217358688,270059
"M1B_T384s1_O18","M1B","O18","O18","M1B_T384s1_O18",11533,0.748177421430082,0.454353147985325,0.994975217358688,344753
"M1B_T384s1_O19","M1B","O19","O19","M1B_T384s1_O19",10335,0.218126646324844,0.827330436467512,0.994975217358688,244540
"M1B_T384s1_O20","M1B","O20","O20","M1B_T384s1_O20",10311,0.207507932967143,0.835613197892821,0.994975217358688,240827
"M1B_T384s1_O21","M1B","O21","O21","M1B_T384s1_O21",9547,-0.13052110891967,0.896154154491632,0.994975217358688,162411
"M1B_T384s1_O22","M1B","O22","O22","M1B_T384s1_O22",9496,-0.153085874804785,0.878330554850442,0.994975217358688,158851
"M1B_T384s1_O23","M1B","O23","AdMyoD","M1B_T384s1_O23",11448,0.710569478288225,0.477351062382454,0.994975217358688,443122
"M1B_T384s1_O24","M1B","O24","#3 MN(0Days) NRM","M1B_T384s1_O24",7566,-1.0070074073199,0.313931214585159,0.994975217358688,44818
"M1B_T384s1_P1","M1B","P1","5D Inj TA 1","M1B_T384s1_P1",4956,-2.16179248496988,0.0306341750087139,0.412755200117408,20438
"M1B_T384s1_P2","M1B","P2","P7NG# 9 D5 Diff GFP -","M1B_T384s1_P2",4023,-2.5745949667505,0.0100357531842048,0.350339020248604,17146
"M1B_T384s1_P3","M1B","P3","P3","M1B_T384s1_P3",10701,0.380062025029783,0.703899374033447,0.994975217358688,247876
"M1B_T384s1_P4","M1B","P4","P4","M1B_T384s1_P4",9605,-0.104859218305226,0.916487519584568,0.994975217358688,149603
"M1B_T384s1_P5","M1B","P5","P5","M1B_T384s1_P5",12575,1.20920655971026,0.226583498206204,0.994975217358688,838053
"M1B_T384s1_P6","M1B","P6","P6","M1B_T384s1_P6",12150,1.02116684400098,0.3071753980673,0.994975217358688,488653
"M1B_T384s1_P7","M1B","P7","P7","M1B_T384s1_P7",10678,0.369885758061986,0.711467613481777,0.994975217358688,241328
"M1B_T384s1_P8","M1B","P8","P8","M1B_T384s1_P8",11168,0.586684489115047,0.557415626942789,0.994975217358688,303167
"M1B_T384s1_P9","M1B","P9","P9","M1B_T384s1_P9",11557,0.758796134787783,0.447974518182541,0.994975217358688,452859
"M1B_T384s1_P10","M1B","P10","P10","M1B_T384s1_P10",10164,0.142468313651225,0.88671010608287,0.994975217358688,176199
"M1B_T384s1_P11","M1B","P11","P11","M1B_T384s1_P11",1374,-3.74663545360674,0.000179222246009431,0.0344106712338107,2489
"M1B_T384s1_P12","M1B","P12","P12","M1B_T384s1_P12",10201,0.15883883007768,0.873795855175848,0.994975217358688,187284
"M1B_T384s1_P13","M1B","P13","P13","M1B_T384s1_P13",11615,0.784458025402227,0.432771402191446,0.994975217358688,398326
"M1B_T384s1_P14","M1B","P14","P14","M1B_T384s1_P14",10394,0.244230983329192,0.807051932260442,0.994975217358688,214958
"M1B_T384s1_P15","M1B","P15","P15","M1B_T384s1_P15",11718,0.83003000356236,0.406521820184318,0.994975217358688,610775
"M1B_T384s1_P16","M1B","P16","P16","M1B_T384s1_P16",13800,1.75120338734292,0.0799108822053843,0.739416355828135,3541098
"M1B_T384s1_P17","M1B","P17","P17","M1B_T384s1_P17",12368,1.11762015700009,0.26372925612239,0.994975217358688,1162497
"M1B_T384s1_P18","M1B","P18","P18","M1B_T384s1_P18",11087,0.550846331532806,0.581739020331586,0.994975217358688,313910
"M1B_T384s1_P19","M1B","P19","P19","M1B_T384s1_P19",10193,0.155299258958447,0.87658539979309,0.994975217358688,227633
"M1B_T384s1_P20","M1B","P20","P20","M1B_T384s1_P20",10120,0.12300067249544,0.902106565437019,0.994975217358688,205192
"M1B_T384s1_P21","M1B","P21","P21","M1B_T384s1_P21",11564,0.761893259517112,0.446123713285557,0.994975217358688,364411
"M1B_T384s1_P22","M1B","P22","P22","M1B_T384s1_P22",10537,0.307500817085493,0.758462201192541,0.994975217358688,273894
"M1B_T384s1_P23","M1B","P23","AdMyoD","M1B_T384s1_P23",13283,1.52245860376244,0.127894210329929,0.994975217358688,1435650
"M1B_T384s1_P24","M1B","P24","#4 MN(0Days) NRM","M1B_T384s1_P24",5171,-2.06666651114047,0.0387655888426916,0.495379935546161,17758
"M2B_T384s1_A1","M2B","A1","SC 1","M2B_T384s1_A1",7165,-1.18442840967149,0.236243519760397,0.994975217358688,49313
"M2B_T384s1_A2","M2B","A2","DMSO","M2B_T384s1_A2",11938,0.927368209341285,0.353735390658908,0.994975217358688,738391
"M2B_T384s1_A3","M2B","A3","A3","M2B_T384s1_A3",11090,0.552173670702519,0.58082937157009,0.994975217358688,331708
"M2B_T384s1_A4","M2B","A4","A4","M2B_T384s1_A4",10828,0.436252716547617,0.662653383760892,0.994975217358688,252992
"M2B_T384s1_A5","M2B","A5","A5","M2B_T384s1_A5",11143,0.575623329367442,0.564869808727917,0.994975217358688,332611
"M2B_T384s1_A6","M2B","A6","A6","M2B_T384s1_A6",11680,0.813217040746,0.416093630939709,0.994975217358688,419001
"M2B_T384s1_A7","M2B","A7","A7","M2B_T384s1_A7",10865,0.452623232974073,0.650820066282847,0.994975217358688,310915
"M2B_T384s1_A8","M2B","A8","A8","M2B_T384s1_A8",10730,0.392892970337005,0.694398533807806,0.994975217358688,259246
"M2B_T384s1_A9","M2B","A9","A9","M2B_T384s1_A9",10575,0.324313779901853,0.745700488159465,0.994975217358688,227738
"M2B_T384s1_A10","M2B","A10","A10","M2B_T384s1_A10",11650,0.799943649048874,0.423743446691766,0.994975217358688,647342
"M2B_T384s1_A11","M2B","A11","A11","M2B_T384s1_A11",11710,0.826490432443126,0.408525943179403,0.994975217358688,514685
"M2B_T384s1_A12","M2B","A12","A12","M2B_T384s1_A12",10695,0.377407346690358,0.705870908012463,0.994975217358688,282201
"M2B_T384s1_A13","M2B","A13","A13","M2B_T384s1_A13",11405,0.691544283522344,0.489223561700463,0.994975217358688,374828
"M2B_T384s1_A14","M2B","A14","A14","M2B_T384s1_A14",11200,0.600842773591982,0.547944711758775,0.994975217358688,426348
"M2B_T384s1_A15","M2B","A15","A15","M2B_T384s1_A15",10803,0.425191556800012,0.670697038632902,0.994975217358688,337798
"M2B_T384s1_A16","M2B","A16","A16","M2B_T384s1_A16",11666,0.807022791287341,0.419653352447633,0.994975217358688,422185
"M2B_T384s1_A17","M2B","A17","A17","M2B_T384s1_A17",10594,0.332720261310033,0.739345453816428,0.994975217358688,241125
"M2B_T384s1_A18","M2B","A18","A18","M2B_T384s1_A18",11808,0.869850178653739,0.384382285240328,0.994975217358688,615750
"M2B_T384s1_A19","M2B","A19","A19","M2B_T384s1_A19",9888,0.0203531100376639,0.983761688861963,0.996709008282428,154007
"M2B_T384s1_A20","M2B","A20","A20","M2B_T384s1_A20",10167,0.143795652820937,0.885661835746514,0.994975217358688,186248
"M2B_T384s1_A21","M2B","A21","A21","M2B_T384s1_A21",10635,0.350860563296105,0.725692958841148,0.994975217358688,241674
"M2B_T384s1_A22","M2B","A22","A22","M2B_T384s1_A22",11641,0.795961631539736,0.426054336854122,0.994975217358688,482422
"M2B_T384s1_A23","M2B","A23","P7NG# 9 D5 Diff GFP +","M2B_T384s1_A23",6791,-1.34990335949566,0.177046983948268,0.994975217358688,36987
"M2B_T384s1_A24","M2B","A24","P7NG# 13 D20 SF GFP -","M2B_T384s1_A24",6317,-1.55962294831025,0.118849010213295,0.965883247309211,38070
"M2B_T384s1_B1","M2B","B1","SC 2","M2B_T384s1_B1",5137,-2.08170968839722,0.03736899514716,0.486430309712184,20229
"M2B_T384s1_B2","M2B","B2","DMSO","M2B_T384s1_B2",10659,0.361479276653806,0.717741194013577,0.994975217358688,315699
"M2B_T384s1_B3","M2B","B3","B3","M2B_T384s1_B3",10632,0.349533224126393,0.726689032534129,0.994975217358688,238251
"M2B_T384s1_B4","M2B","B4","B4","M2B_T384s1_B4",10379,0.237594287480629,0.812195781590867,0.994975217358688,222496
"M2B_T384s1_B5","M2B","B5","B5","M2B_T384s1_B5",11226,0.612346379729491,0.540308609972806,0.994975217358688,296555
"M2B_T384s1_B6","M2B","B6","B6","M2B_T384s1_B6",11755,0.846400519988816,0.39732934851769,0.994975217358688,615523
"M2B_T384s1_B7","M2B","B7","B7","M2B_T384s1_B7",10727,0.391565631167292,0.695379186405517,0.994975217358688,271281
"M2B_T384s1_B8","M2B","B8","B8","M2B_T384s1_B8",10362,0.230072698852257,0.818035279023879,0.994975217358688,235252
"M2B_T384s1_B9","M2B","B9","B9","M2B_T384s1_B9",10023,0.0800833726747317,0.936170946952711,0.994975217358688,173614
"M2B_T384s1_B10","M2B","B10","B10","M2B_T384s1_B10",10311,0.207507932967143,0.835613197892821,0.994975217358688,233295
"M2B_T384s1_B11","M2B","B11","B11","M2B_T384s1_B11",10517,0.298651889287409,0.765205669278459,0.994975217358688,239305
"M2B_T384s1_B12","M2B","B12","B12","M2B_T384s1_B12",10432,0.261043946145552,0.794058617684459,0.994975217358688,222102
"M2B_T384s1_B13","M2B","B13","B13","M2B_T384s1_B13",10528,0.303518799576355,0.761494522788869,0.994975217358688,248661
"M2B_T384s1_B14","M2B","B14","B14","M2B_T384s1_B14",12190,1.03886469959715,0.298867665822885,0.994975217358688,712668
"M2B_T384s1_B15","M2B","B15","B15","M2B_T384s1_B15",10319,0.211047504086377,0.832850203176874,0.994975217358688,210476
"M2B_T384s1_B16","M2B","B16","B16","M2B_T384s1_B16",10766,0.408821040373556,0.682670997942094,0.994975217358688,255849
"M2B_T384s1_B17","M2B","B17","B17","M2B_T384s1_B17",11326,0.656591018719911,0.511443925359078,0.994975217358688,356919
"M2B_T384s1_B18","M2B","B18","B18","M2B_T384s1_B18",11576,0.767202616195963,0.442961057668294,0.994975217358688,329659
"M2B_T384s1_B19","M2B","B19","B19","M2B_T384s1_B19",10434,0.26192883892536,0.793376305340649,0.994975217358688,192613
"M2B_T384s1_B20","M2B","B20","B20","M2B_T384s1_B20",10390,0.242461197769575,0.808422819638229,0.994975217358688,210836
"M2B_T384s1_B21","M2B","B21","B21","M2B_T384s1_B21",11177,0.590666506624185,0.554743893750695,0.994975217358688,373043
"M2B_T384s1_B22","M2B","B22","B22","M2B_T384s1_B22",9734,-0.0477836340075837,0.961888679826282,0.994975217358688,151422
"M2B_T384s1_B23","M2B","B23","P7NG# 14 D5 Diff GFP -","M2B_T384s1_B23",4462,-2.38036100158256,0.0172956847696562,0.409654454830882,16227
"M2B_T384s1_B24","M2B","B24","P7NG# 13 D20 SF GFP +","M2B_T384s1_B24",4220,-2.48743302793937,0.0128668677105205,0.365990903765915,13025
"M2B_T384s1_C1","M2B","C1","SC 3","M2B_T384s1_C1",4580,-2.32815232757386,0.0199040165477931,0.409654454830882,15108
"M2B_T384s1_C2","M2B","C2","DMSO","M2B_T384s1_C2",12428,1.14416694039435,0.252554410620762,0.994975217358688,993924
"M2B_T384s1_C3","M2B","C3","C3","M2B_T384s1_C3",11925,0.921616406272531,0.356728697718761,0.994975217358688,552995
"M2B_T384s1_C4","M2B","C4","C4","M2B_T384s1_C4",12298,1.0866489097068,0.27719200096881,0.994975217358688,943344
"M2B_T384s1_C5","M2B","C5","C5","M2B_T384s1_C5",10020,0.078756033505019,0.937226675551812,0.994975217358688,179238
"M2B_T384s1_C6","M2B","C6","C6","M2B_T384s1_C6",9472,-0.163704588162486,0.869963705448816,0.994975217358688,146655
"M2B_T384s1_C7","M2B","C7","C7","M2B_T384s1_C7",9664,-0.0787548813008781,0.9372275920311,0.994975217358688,160733
"M2B_T384s1_C8","M2B","C8","C8","M2B_T384s1_C8",10566,0.320331762392715,0.748716847758878,0.994975217358688,235774
"M2B_T384s1_C9","M2B","C9","C9","M2B_T384s1_C9",10879,0.458817482432732,0.646365239344986,0.994975217358688,246701
"M2B_T384s1_C10","M2B","C10","C10","M2B_T384s1_C10",11479,0.724285316375255,0.468890589756831,0.994975217358688,491882
"M2B_T384s1_C11","M2B","C11","C11","M2B_T384s1_C11",10027,0.0818531582343485,0.934763483697615,0.994975217358688,183344
"M2B_T384s1_C12","M2B","C12","C12","M2B_T384s1_C12",10505,0.293342532608559,0.769260346468113,0.994975217358688,221202
"M2B_T384s1_C13","M2B","C13","C13","M2B_T384s1_C13",10884,0.461029714382253,0.644777286661338,0.994975217358688,253810
"M2B_T384s1_C14","M2B","C14","C14","M2B_T384s1_C14",11082,0.548634099583285,0.583256579585981,0.994975217358688,335342
"M2B_T384s1_C15","M2B","C15","C15","M2B_T384s1_C15",11441,0.707472353558895,0.479272987392988,0.994975217358688,410393
"M2B_T384s1_C16","M2B","C16","C16","M2B_T384s1_C16",10400,0.246885661668617,0.804996713240853,0.994975217358688,214634
"M2B_T384s1_C17","M2B","C17","C17","M2B_T384s1_C17",10306,0.205295701017622,0.837341102621334,0.994975217358688,179497
"M2B_T384s1_C18","M2B","C18","C18","M2B_T384s1_C18",10986,0.506159246152482,0.612744861971307,0.994975217358688,316315
"M2B_T384s1_C19","M2B","C19","C19","M2B_T384s1_C19",12190,1.03886469959715,0.298867665822885,0.994975217358688,713051
"M2B_T384s1_C20","M2B","C20","C20","M2B_T384s1_C20",11926,0.922058852662435,0.35649787830575,0.994975217358688,737281
"M2B_T384s1_C21","M2B","C21","C21","M2B_T384s1_C21",10457,0.272105105893157,0.785541203689773,0.994975217358688,207338
"M2B_T384s1_C22","M2B","C22","C22","M2B_T384s1_C22",10673,0.367673526112465,0.713116682993847,0.994975217358688,214868
"M2B_T384s1_C23","M2B","C23","P7NG# 14 D5 Diff GFP +","M2B_T384s1_C23",5355,-1.9852563753981,0.0471159549527664,0.541769568932964,24158
"M2B_T384s1_C24","M2B","C24","P7NG# 8 D20 SF GFP -","M2B_T384s1_C24",4889,-2.19143639309346,0.0284202279372162,0.412755200117408,19317
"M2B_T384s1_D1","M2B","D1","SC 4","M2B_T384s1_D1",3814,-2.66706626224048,0.00765165841500999,0.293764263161503,11785
"M2B_T384s1_D2","M2B","D2","DMSO","M2B_T384s1_D2",12539,1.19327848967371,0.232760323866168,0.994975217358688,976170
"M2B_T384s1_D3","M2B","D3","D3","M2B_T384s1_D3",11369,0.675616213485792,0.499284344771997,0.994975217358688,362178
"M2B_T384s1_D4","M2B","D4","D4","M2B_T384s1_D4",11288,0.639778055903552,0.52231690093388,0.994975217358688,373587
"M2B_T384s1_D5","M2B","D5","D5","M2B_T384s1_D5",10569,0.321659101562428,0.747710964659152,0.994975217358688,238001
"M2B_T384s1_D6","M2B","D6","D6","M2B_T384s1_D6",12132,1.0132028089827,0.310963299055117,0.994975217358688,796692
"M2B_T384s1_D7","M2B","D7","D7","M2B_T384s1_D7",11065,0.541112510954914,0.588430035393602,0.994975217358688,311797
"M2B_T384s1_D8","M2B","D8","D8","M2B_T384s1_D8",11662,0.805253005727725,0.420673694414193,0.994975217358688,478917
"M2B_T384s1_D9","M2B","D9","D9","M2B_T384s1_D9",11228,0.613231272509299,0.53972342965273,0.994975217358688,378495
"M2B_T384s1_D10","M2B","D10","D10","M2B_T384s1_D10",10665,0.364133954993232,0.715757982382111,0.994975217358688,319926
"M2B_T384s1_D11","M2B","D11","D11","M2B_T384s1_D11",10753,0.403069237304802,0.686897290525846,0.994975217358688,262513
"M2B_T384s1_D12","M2B","D12","D12","M2B_T384s1_D12",11362,0.672519088756463,0.501253292013155,0.994975217358688,429327
"M2B_T384s1_D13","M2B","D13","D13","M2B_T384s1_D13",12017,0.962321474143717,0.335888145277603,0.994975217358688,816690
"M2B_T384s1_D14","M2B","D14","D14","M2B_T384s1_D14",11719,0.830472449952264,0.406271718043073,0.994975217358688,484919
"M2B_T384s1_D15","M2B","D15","D15","M2B_T384s1_D15",11668,0.80790768406715,0.419143727496178,0.994975217358688,491738
"M2B_T384s1_D16","M2B","D16","D16","M2B_T384s1_D16",11010,0.516777959510183,0.605311167530679,0.994975217358688,304140
"M2B_T384s1_D17","M2B","D17","D17","M2B_T384s1_D17",10067,0.0995510138305167,0.920700785843712,0.994975217358688,175619
"M2B_T384s1_D18","M2B","D18","D18","M2B_T384s1_D18",11488,0.728267333884393,0.466449954668238,0.994975217358688,315849
"M2B_T384s1_D19","M2B","D19","D19","M2B_T384s1_D19",11241,0.618983075578054,0.535927508345787,0.994975217358688,359469
"M2B_T384s1_D20","M2B","D20","D20","M2B_T384s1_D20",11359,0.67119174958675,0.502098383887063,0.994975217358688,380334
"M2B_T384s1_D21","M2B","D21","D21","M2B_T384s1_D21",10023,0.0800833726747317,0.936170946952711,0.994975217358688,160957
"M2B_T384s1_D22","M2B","D22","D22","M2B_T384s1_D22",10292,0.199101451558963,0.842183385781838,0.994975217358688,190527
"M2B_T384s1_D23","M2B","D23","P7NG# 16 D20 SF GFP +","M2B_T384s1_D23",5092,-2.10161977594291,0.0355865961090449,0.471215617443905,20634
"M2B_T384s1_D24","M2B","D24","P7NG# 8 D20 SF GFP +","M2B_T384s1_D24",5358,-1.98392903622839,0.0472637514563914,0.541769568932964,21959
"M2B_T384s1_E1","M2B","E1","P7NG#1","M2B_T384s1_E1",4742,-2.25647601240938,0.0240408359220061,0.412602152343613,18866
"M2B_T384s1_E2","M2B","E2","AdMyoD","M2B_T384s1_E2",12736,1.28044042848484,0.200390283132421,0.994975217358688,992527
"M2B_T384s1_E3","M2B","E3","E3","M2B_T384s1_E3",10380,0.238036733870533,0.811852603394413,0.994975217358688,213891
"M2B_T384s1_E4","M2B","E4","E4","M2B_T384s1_E4",12275,1.076472642739,0.281715929520028,0.994975217358688,716939
"M2B_T384s1_E5","M2B","E5","E5","M2B_T384s1_E5",10063,0.0977812282708999,0.922106013612813,0.994975217358688,187434
"M2B_T384s1_E6","M2B","E6","E6","M2B_T384s1_E6",10812,0.42917357430915,0.667796912477871,0.994975217358688,256214
"M2B_T384s1_E7","M2B","E7","E7","M2B_T384s1_E7",10497,0.289802961489325,0.771966982110717,0.994975217358688,254920
"M2B_T384s1_E8","M2B","E8","E8","M2B_T384s1_E8",11053,0.535803154276063,0.592094601975856,0.994975217358688,325590
"M2B_T384s1_E9","M2B","E9","E9","M2B_T384s1_E9",10322,0.212374843256089,0.83181461031022,0.994975217358688,216426
"M2B_T384s1_E10","M2B","E10","E10","M2B_T384s1_E10",10299,0.202198576288292,0.839761486101374,0.994975217358688,208598
"M2B_T384s1_E11","M2B","E11","E11","M2B_T384s1_E11",10512,0.296439657337888,0.766894343363075,0.994975217358688,264649
"M2B_T384s1_E12","M2B","E12","E12","M2B_T384s1_E12",10129,0.126982690004577,0.898954099008925,0.994975217358688,192746
"M2B_T384s1_E13","M2B","E13","E13","M2B_T384s1_E13",8949,-0.395104050082385,0.692766100006185,0.994975217358688,115985
"M2B_T384s1_E14","M2B","E14","E14","M2B_T384s1_E14",11155,0.580932686046292,0.561285821922305,0.994975217358688,300441
"M2B_T384s1_E15","M2B","E15","E15","M2B_T384s1_E15",10425,0.257946821416222,0.796447948950807,0.994975217358688,216779
"M2B_T384s1_E16","M2B","E16","E16","M2B_T384s1_E16",10876,0.457490143263019,0.647318785399403,0.994975217358688,304461
"M2B_T384s1_E17","M2B","E17","E17","M2B_T384s1_E17",11329,0.657918357889624,0.510590593657982,0.994975217358688,342002
"M2B_T384s1_E18","M2B","E18","E18","M2B_T384s1_E18",10108,0.117691315816589,0.906312247931899,0.994975217358688,184639
"M2B_T384s1_E19","M2B","E19","E19","M2B_T384s1_E19",11259,0.62694711059633,0.530693904776044,0.994975217358688,304902
"M2B_T384s1_E20","M2B","E20","E20","M2B_T384s1_E20",10574,0.323871333511949,0.746035447767574,0.994975217358688,225080
"M2B_T384s1_E21","M2B","E21","E21","M2B_T384s1_E21",9611,-0.102204539965801,0.918594324257107,0.994975217358688,176079
"M2B_T384s1_E22","M2B","E22","E22","M2B_T384s1_E22",11489,0.728709780274297,0.466179208926263,0.994975217358688,544594
"M2B_T384s1_E23","M2B","E23","P7NG# 14 D20 SF GFP -","M2B_T384s1_E23",4856,-2.2060371239603,0.0273814004857855,0.412755200117408,18926
"M2B_T384s1_E24","M2B","E24","P7NG# 10 D20 SF GFP -","M2B_T384s1_E24",4612,-2.31399404309692,0.0206680488991959,0.409654454830882,18720
"M2B_T384s1_F1","M2B","F1","P7NG#5","M2B_T384s1_F1",4831,-2.2170982837079,0.0266163760633487,0.412755200117408,20891
"M2B_T384s1_F2","M2B","F2","AdMyoD","M2B_T384s1_F2",13069,1.42777507632294,0.153356608823633,0.994975217358688,1136654
"M2B_T384s1_F3","M2B","F3","F3","M2B_T384s1_F3",12243,1.06231435826207,0.288092998252345,0.994975217358688,564717
"M2B_T384s1_F4","M2B","F4","F4","M2B_T384s1_F4",11026,0.52385710174865,0.600377933781902,0.994975217358688,310361
"M2B_T384s1_F5","M2B","F5","F5","M2B_T384s1_F5",9474,-0.162819695382677,0.870660400526651,0.994975217358688,139506
"M2B_T384s1_F6","M2B","F6","F6","M2B_T384s1_F6",11184,0.593763631353514,0.552670217044465,0.994975217358688,440543
"M2B_T384s1_F7","M2B","F7","F7","M2B_T384s1_F7",10374,0.235382055531108,0.81391221247069,0.994975217358688,262197
"M2B_T384s1_F8","M2B","F8","F8","M2B_T384s1_F8",11608,0.781360900672897,0.434590260594884,0.994975217358688,466293
"M2B_T384s1_F9","M2B","F9","F9","M2B_T384s1_F9",10334,0.21768419993494,0.827675175104928,0.994975217358688,219048
"M2B_T384s1_F10","M2B","F10","F10","M2B_T384s1_F10",11024,0.522972208968841,0.60099359303988,0.994975217358688,340175
"M2B_T384s1_F11","M2B","F11","F11","M2B_T384s1_F11",10331,0.216356860765227,0.828709589987637,0.994975217358688,219976
"M2B_T384s1_F12","M2B","F12","F12","M2B_T384s1_F12",10862,0.45129589380436,0.651776303921817,0.994975217358688,286036
"M2B_T384s1_F13","M2B","F13","F13","M2B_T384s1_F13",11140,0.574295990197729,0.565767522147986,0.994975217358688,339945
"M2B_T384s1_F14","M2B","F14","F14","M2B_T384s1_F14",10022,0.0796409262848275,0.936522844108601,0.994975217358688,184206
"M2B_T384s1_F15","M2B","F15","F15","M2B_T384s1_F15",11347,0.6658823929079,0.505486275433189,0.994975217358688,391786
"M2B_T384s1_F16","M2B","F16","F16","M2B_T384s1_F16",10072,0.101763245780038,0.918944599769491,0.994975217358688,206149
"M2B_T384s1_F17","M2B","F17","F17","M2B_T384s1_F17",10316,0.209720164916664,0.833886086186429,0.994975217358688,195911
"M2B_T384s1_F18","M2B","F18","F18","M2B_T384s1_F18",10228,0.170784882605094,0.864392916362927,0.994975217358688,190462
"M2B_T384s1_F19","M2B","F19","F19","M2B_T384s1_F19",10345,0.222551110223886,0.823884890479426,0.994975217358688,184511
"M2B_T384s1_F20","M2B","F20","F20","M2B_T384s1_F20",9544,-0.131848448089383,0.895104164989459,0.994975217358688,139933
"M2B_T384s1_F21","M2B","F21","F21","M2B_T384s1_F21",10022,0.0796409262848275,0.936522844108601,0.994975217358688,186013
"M2B_T384s1_F22","M2B","F22","F22","M2B_T384s1_F22",9978,0.0601732851290424,0.952017622527765,0.994975217358688,168859
"M2B_T384s1_F23","M2B","F23","P7NG# 14 D20 SF GFP +","M2B_T384s1_F23",4817,-2.22329253316656,0.0261960806886521,0.412755200117408,17265
"M2B_T384s1_F24","M2B","F24","P7NG# 10 D20 SF GFP +","M2B_T384s1_F24",3789,-2.67812742198809,0.00740350475500492,0.293764263161503,11482
"M2B_T384s1_G1","M2B","G1","P7NG#6","M2B_T384s1_G1",6081,-1.66404029632765,0.0961043768527496,0.858234435150136,41552
"M2B_T384s1_G2","M2B","G2","AdMyoD","M2B_T384s1_G2",13076,1.43087220105227,0.152466845511841,0.994975217358688,1224854
"M2B_T384s1_G3","M2B","G3","G3","M2B_T384s1_G3",11918,0.918519281543201,0.358347069129767,0.994975217358688,485897
"M2B_T384s1_G4","M2B","G4","G4","M2B_T384s1_G4",11625,0.788882489301269,0.430180691055399,0.994975217358688,431788
"M2B_T384s1_G5","M2B","G5","G5","M2B_T384s1_G5",9721,-0.0535354370763384,0.957305296417287,0.994975217358688,168142
"M2B_T384s1_G6","M2B","G6","G6","M2B_T384s1_G6",10784,0.416785075391832,0.676835619879147,0.994975217358688,287582
"M2B_T384s1_G7","M2B","G7","G7","M2B_T384s1_G7",10128,0.126540243614673,0.899304295257986,0.994975217358688,217419
"M2B_T384s1_G8","M2B","G8","G8","M2B_T384s1_G8",10714,0.385813828098538,0.699634553393769,0.994975217358688,240793
"M2B_T384s1_G9","M2B","G9","G9","M2B_T384s1_G9",10329,0.215471967985419,0.829399365074918,0.994975217358688,211717
"M2B_T384s1_G10","M2B","G10","G10","M2B_T384s1_G10",11198,0.599957880812173,0.548534306154107,0.994975217358688,364249
"M2B_T384s1_G11","M2B","G11","G11","M2B_T384s1_G11",10489,0.286263390370091,0.774676395582715,0.994975217358688,229084
"M2B_T384s1_G12","M2B","G12","G12","M2B_T384s1_G12",9627,-0.0951253977273337,0.924215225076216,0.994975217358688,150439
"M2B_T384s1_G13","M2B","G13","G13","M2B_T384s1_G13",10920,0.476957784418804,0.633392183087385,0.994975217358688,288086
"M2B_T384s1_G14","M2B","G14","G14","M2B_T384s1_G14",9424,-0.184942014877887,0.853274516269277,0.994975217358688,137592
"M2B_T384s1_G15","M2B","G15","G15","M2B_T384s1_G15",11154,0.580490239656388,0.56158406684726,0.994975217358688,429403
"M2B_T384s1_G16","M2B","G16","G16","M2B_T384s1_G16",10205,0.160608615637297,0.872401668701231,0.994975217358688,202170
"M2B_T384s1_G17","M2B","G17","G17","M2B_T384s1_G17",9523,-0.141139822277371,0.887759484884396,0.994975217358688,139490
"M2B_T384s1_G18","M2B","G18","G18","M2B_T384s1_G18",10292,0.199101451558963,0.842183385781838,0.994975217358688,196804
"M2B_T384s1_G19","M2B","G19","G19","M2B_T384s1_G19",10065,0.0986661210507083,0.921403369056028,0.994975217358688,163359
"M2B_T384s1_G20","M2B","G20","G20","M2B_T384s1_G20",9607,-0.103974325525418,0.917189723380061,0.994975217358688,152834
"M2B_T384s1_G21","M2B","G21","G21","M2B_T384s1_G21",11442,0.707914799948799,0.478998168351987,0.994975217358688,351044
"M2B_T384s1_G22","M2B","G22","G22","M2B_T384s1_G22",10832,0.438022502107234,0.6613699715978,0.994975217358688,281555
"M2B_T384s1_G23","M2B","G23","P7NG# 5 D20 SF GFP -","M2B_T384s1_G23",7351,-1.10213338114931,0.270403688953623,0.994975217358688,55215
"M2B_T384s1_G24","M2B","G24","P7NG# 8 D30 GFP -","M2B_T384s1_G24",5308,-2.0060513557236,0.0448507690361866,0.529929086458328,26526
"M2B_T384s1_H1","M2B","H1","P7NG#8","M2B_T384s1_H1",6897,-1.30300404216581,0.19257338156715,0.994975217358688,47383
"M2B_T384s1_H2","M2B","H2","AdMyoD","M2B_T384s1_H2",13024,1.40786498877725,0.159171052002822,0.994975217358688,1262968
"M2B_T384s1_H3","M2B","H3","H3","M2B_T384s1_H3",11166,0.585799596335239,0.558010195033817,0.994975217358688,388296
"M2B_T384s1_H4","M2B","H4","H4","M2B_T384s1_H4",11844,0.88577824869029,0.375737033064457,0.994975217358688,562920
"M2B_T384s1_H5","M2B","H5","H5","M2B_T384s1_H5",10183,0.150874795059405,0.880074483488389,0.994975217358688,195466
"M2B_T384s1_H6","M2B","H6","H6","M2B_T384s1_H6",10899,0.467666410230816,0.640023165414359,0.994975217358688,278956
"M2B_T384s1_H7","M2B","H7","H7","M2B_T384s1_H7",10460,0.273432445062869,0.784520815134801,0.994975217358688,244152
"M2B_T384s1_H8","M2B","H8","H8","M2B_T384s1_H8",10354,0.226533127733024,0.820786796611417,0.994975217358688,224240
"M2B_T384s1_H9","M2B","H9","H9","M2B_T384s1_H9",11678,0.812332147966192,0.416601068591917,0.994975217358688,662215
"M2B_T384s1_H10","M2B","H10","H10","M2B_T384s1_H10",11571,0.764990384246442,0.444277270540865,0.994975217358688,441619
"M2B_T384s1_H11","M2B","H11","H11","M2B_T384s1_H11",10702,0.380504471419687,0.703570978009457,0.994975217358688,321732
"M2B_T384s1_H12","M2B","H12","H12","M2B_T384s1_H12",10748,0.400857005355281,0.688525406070984,0.994975217358688,263743
"M2B_T384s1_H13","M2B","H13","H13","M2B_T384s1_H13",10066,0.0991085674406125,0.921052069747762,0.994975217358688,189897
"M2B_T384s1_H14","M2B","H14","H14","M2B_T384s1_H14",11411,0.694198961861769,0.487557443572262,0.994975217358688,374625
"M2B_T384s1_H15","M2B","H15","H15","M2B_T384s1_H15",10012,0.0752164623857854,0.940042486367998,0.994975217358688,195999
"M2B_T384s1_H16","M2B","H16","H16","M2B_T384s1_H16",9902,0.0265473594963228,0.978820759478713,0.996709008282428,175686
"M2B_T384s1_H17","M2B","H17","H17","M2B_T384s1_H17",11087,0.550846331532806,0.581739020331586,0.994975217358688,302827
"M2B_T384s1_H18","M2B","H18","H18","M2B_T384s1_H18",10533,0.305731031525876,0.759809444153522,0.994975217358688,252907
"M2B_T384s1_H19","M2B","H19","H19","M2B_T384s1_H19",11716,0.829145110782552,0.407022300047521,0.994975217358688,386257
"M2B_T384s1_H20","M2B","H20","H20","M2B_T384s1_H20",9213,-0.278298203147675,0.780783455339176,0.994975217358688,116063
"M2B_T384s1_H21","M2B","H21","H21","M2B_T384s1_H21",10714,0.385813828098538,0.699634553393769,0.994975217358688,286742
"M2B_T384s1_H22","M2B","H22","H22","M2B_T384s1_H22",11541,0.751716992549316,0.452221269350156,0.994975217358688,339276
"M2B_T384s1_H23","M2B","H23","P7NG# 5 D20 SF GFP +","M2B_T384s1_H23",7254,-1.14505068097001,0.252188163775809,0.994975217358688,46523
"M2B_T384s1_H24","M2B","H24","P7NG# 8 D30 GFP +","M2B_T384s1_H24",4716,-2.26797961854689,0.0233304489523624,0.412602152343613,21122
"M2B_T384s1_I1","M2B","I1","P7NG#9","M2B_T384s1_I1",4681,-2.28346524219353,0.0224029779985639,0.409654454830882,19167
"M2B_T384s1_I2","M2B","I2","5D Inj TA 2","M2B_T384s1_I2",4107,-2.53742946999855,0.0111669867062038,0.355383709765324,13428
"M2B_T384s1_I3","M2B","I3","I3","M2B_T384s1_I3",10520,0.299979228457122,0.764192999698184,0.994975217358688,264509
"M2B_T384s1_I4","M2B","I4","I4","M2B_T384s1_I4",9131,-0.31457880711982,0.753081472264508,0.994975217358688,121298
"M2B_T384s1_I5","M2B","I5","I5","M2B_T384s1_I5",9469,-0.165031927332198,0.868918852216627,0.994975217358688,138916
"M2B_T384s1_I6","M2B","I6","I6","M2B_T384s1_I6",9471,-0.16414703455239,0.869615395720459,0.994975217358688,142770
"M2B_T384s1_I7","M2B","I7","I7","M2B_T384s1_I7",9267,-0.254406098092848,0.799181840321891,0.994975217358688,127674
"M2B_T384s1_I8","M2B","I8","I8","M2B_T384s1_I8",10148,0.135389171412757,0.8923041852645,0.994975217358688,182233
"M2B_T384s1_I9","M2B","I9","I9","M2B_T384s1_I9",10257,0.183615827912316,0.854314845361187,0.994975217358688,259726
"M2B_T384s1_I10","M2B","I10","I10","M2B_T384s1_I10",9828,-0.00619367335658842,0.995058195250057,0.996709008282428,165009
"M2B_T384s1_I11","M2B","I11","I11","M2B_T384s1_I11",10245,0.178306471233465,0.85848229694325,0.994975217358688,205930
"M2B_T384s1_I12","M2B","I12","I12","M2B_T384s1_I12",10307,0.205738147407526,0.836995458622308,0.994975217358688,280293
"M2B_T384s1_I13","M2B","I13","I13","M2B_T384s1_I13",8828,-0.448640063260794,0.653691328104001,0.994975217358688,99245
"M2B_T384s1_I14","M2B","I14","I14","M2B_T384s1_I14",10505,0.293342532608559,0.769260346468113,0.994975217358688,278300
"M2B_T384s1_I15","M2B","I15","I15","M2B_T384s1_I15",10016,0.0769862479454022,0.938634485046973,0.994975217358688,232579
"M2B_T384s1_I16","M2B","I16","I16","M2B_T384s1_I16",10515,0.297766996507601,0.765881005495798,0.994975217358688,230457
"M2B_T384s1_I17","M2B","I17","I17","M2B_T384s1_I17",8666,-0.520316378425275,0.602843082210684,0.994975217358688,103612
"M2B_T384s1_I18","M2B","I18","I18","M2B_T384s1_I18",9558,-0.125654198630724,0.900005658606682,0.994975217358688,123167
"M2B_T384s1_I19","M2B","I19","I19","M2B_T384s1_I19",8739,-0.488017791962268,0.625537238774359,0.994975217358688,93847
"M2B_T384s1_I20","M2B","I20","I20","M2B_T384s1_I20",10959,0.494213193625068,0.62115562293364,0.994975217358688,279505
"M2B_T384s1_I21","M2B","I21","I21","M2B_T384s1_I21",9126,-0.316791039069341,0.751402164075701,0.994975217358688,104234
"M2B_T384s1_I22","M2B","I22","I22","M2B_T384s1_I22",9277,-0.249981634193806,0.802601551610147,0.994975217358688,121512
"M2B_T384s1_I23","M2B","I23","DMSO","M2B_T384s1_I23",11234,0.615885950848725,0.537969794584152,0.994975217358688,400490
"M2B_T384s1_I24","M2B","I24","P7NG# 13 D30 GFP -","M2B_T384s1_I24",5556,-1.89632465102735,0.0579171285688586,0.624045662515162,25496
"M2B_T384s1_J1","M2B","J1","P7NG#10","M2B_T384s1_J1",4949,-2.16488960969921,0.0303961401024155,0.412755200117408,21261
"M2B_T384s1_J2","M2B","J2","5D Inj TA 3","M2B_T384s1_J2",5760,-1.8060655874869,0.0709080953194317,0.721834938546692,27811
"M2B_T384s1_J3","M2B","J3","J3","M2B_T384s1_J3",10615,0.342011635498021,0.732342135855219,0.994975217358688,266001
"M2B_T384s1_J4","M2B","J4","J4","M2B_T384s1_J4",10618,0.343338974667734,0.731343463259193,0.994975217358688,249416
"M2B_T384s1_J5","M2B","J5","J5","M2B_T384s1_J5",9880,0.0168135389184303,0.986585368929229,0.996709008282428,224013
"M2B_T384s1_J6","M2B","J6","J6","M2B_T384s1_J6",11145,0.57650822214725,0.564271713956834,0.994975217358688,421668
"M2B_T384s1_J7","M2B","J7","J7","M2B_T384s1_J7",10171,0.145565438380554,0.884264453481092,0.994975217358688,186341
"M2B_T384s1_J8","M2B","J8","J8","M2B_T384s1_J8",10253,0.181846042352699,0.855703550294753,0.994975217358688,195781
"M2B_T384s1_J9","M2B","J9","J9","M2B_T384s1_J9",10141,0.132292046683428,0.89475329791369,0.994975217358688,209362
"M2B_T384s1_J10","M2B","J10","J10","M2B_T384s1_J10",10635,0.350860563296105,0.725692958841148,0.994975217358688,233145
"M2B_T384s1_J11","M2B","J11","J11","M2B_T384s1_J11",9954,0.0495545717713415,0.960477348597986,0.994975217358688,163980
"M2B_T384s1_J12","M2B","J12","J12","M2B_T384s1_J12",10407,0.249982786397947,0.802600660564974,0.994975217358688,213814
"M2B_T384s1_J13","M2B","J13","J13","M2B_T384s1_J13",8983,-0.380060872825642,0.703900229303547,0.994975217358688,114080
"M2B_T384s1_J14","M2B","J14","J14","M2B_T384s1_J14",10735,0.395105202286526,0.692765249708211,0.994975217358688,248592
"M2B_T384s1_J15","M2B","J15","J15","M2B_T384s1_J15",10047,0.0907020860324326,0.927729313051913,0.994975217358688,211221
"M2B_T384s1_J16","M2B","J16","J16","M2B_T384s1_J16",9790,-0.0230066361729482,0.981644979450846,0.996709008282428,164400
"M2B_T384s1_J17","M2B","J17","J17","M2B_T384s1_J17",7581,-1.00037071147134,0.317131138469608,0.994975217358688,60308
"M2B_T384s1_J18","M2B","J18","J18","M2B_T384s1_J18",8265,-0.697737380776862,0.485341446331289,0.994975217358688,75199
"M2B_T384s1_J19","M2B","J19","J19","M2B_T384s1_J19",8530,-0.580489087452247,0.561584843626781,0.994975217358688,83104
"M2B_T384s1_J20","M2B","J20","J20","M2B_T384s1_J20",10604,0.337144725209075,0.736007803190622,0.994975217358688,225913
"M2B_T384s1_J21","M2B","J21","J21","M2B_T384s1_J21",8885,-0.423420619036254,0.671988403800688,0.994975217358688,110578
"M2B_T384s1_J22","M2B","J22","J22","M2B_T384s1_J22",9976,0.059288392349234,0.952722406415224,0.994975217358688,161067
"M2B_T384s1_J23","M2B","J23","DMSO","M2B_T384s1_J23",12767,1.29415626657187,0.19561144948307,0.994975217358688,1134769
"M2B_T384s1_J24","M2B","J24","P7NG# 13 D30 GFP +","M2B_T384s1_J24",5566,-1.89190018712831,0.0585042808607965,0.624045662515162,25559
"M2B_T384s1_K1","M2B","K1","P7NG#13","M2B_T384s1_K1",6712,-1.38485662429809,0.166096312505979,0.994975217358688,44852
"M2B_T384s1_K2","M2B","K2","P7NG#5 GFP High","M2B_T384s1_K2",5912,-1.73881373622146,0.0820675316280596,0.750331717742259,33348
"M2B_T384s1_K3","M2B","K3","K3","M2B_T384s1_K3",10594,0.332720261310033,0.739345453816428,0.994975217358688,237276
"M2B_T384s1_K4","M2B","K4","K4","M2B_T384s1_K4",10043,0.0889323004728158,0.929135713181778,0.994975217358688,180454
"M2B_T384s1_K5","M2B","K5","K5","M2B_T384s1_K5",9503,-0.149988750075455,0.880773490992418,0.994975217358688,154444
"M2B_T384s1_K6","M2B","K6","K6","M2B_T384s1_K6",9022,-0.362805463619378,0.716750210204687,0.994975217358688,116494
"M2B_T384s1_K7","M2B","K7","K7","M2B_T384s1_K7",11241,0.618983075578054,0.535927508345787,0.994975217358688,330641
"M2B_T384s1_K8","M2B","K8","K8","M2B_T384s1_K8",11716,0.829145110782552,0.407022300047521,0.994975217358688,656644
"M2B_T384s1_K9","M2B","K9","K9","M2B_T384s1_K9",9479,-0.160607463433156,0.872402576246282,0.994975217358688,153749
"M2B_T384s1_K10","M2B","K10","K10","M2B_T384s1_K10",11305,0.647299644531923,0.517438031547571,0.994975217358688,519097
"M2B_T384s1_K11","M2B","K11","K11","M2B_T384s1_K11",10400,0.246885661668617,0.804996713240853,0.994975217358688,243387
"M2B_T384s1_K12","M2B","K12","K12","M2B_T384s1_K12",9033,-0.357938553330432,0.720389298181734,0.994975217358688,118108
"M2B_T384s1_K13","M2B","K13","K13","M2B_T384s1_K13",11438,0.706145014389183,0.480097960629954,0.994975217358688,600728
"M2B_T384s1_K14","M2B","K14","K14","M2B_T384s1_K14",9005,-0.37032705224775,0.711138819616291,0.994975217358688,113429
"M2B_T384s1_K15","M2B","K15","K15","M2B_T384s1_K15",10292,0.199101451558963,0.842183385781838,0.994975217358688,192288
"M2B_T384s1_K16","M2B","K16","K16","M2B_T384s1_K16",10846,0.444216751565893,0.656885882154891,0.994975217358688,281569
"M2B_T384s1_K17","M2B","K17","K17","M2B_T384s1_K17",7900,-0.859230313091897,0.390213462427455,0.994975217358688,66608
"M2B_T384s1_K18","M2B","K18","K18","M2B_T384s1_K18",9714,-0.0566325618056679,0.954837895590303,0.994975217358688,189415
"M2B_T384s1_K19","M2B","K19","K19","M2B_T384s1_K19",10232,0.172554668164711,0.863001486841579,0.994975217358688,215130
"M2B_T384s1_K20","M2B","K20","K20","M2B_T384s1_K20",10176,0.147777670330075,0.882518232326091,0.994975217358688,234470
"M2B_T384s1_K21","M2B","K21","K21","M2B_T384s1_K21",8155,-0.746406483666324,0.455421903792428,0.994975217358688,81008
"M2B_T384s1_K22","M2B","K22","K22","M2B_T384s1_K22",7036,-1.24150399396913,0.214419623652202,0.994975217358688,44961
"M2B_T384s1_K23","M2B","K23","DMSO","M2B_T384s1_K23",10413,0.252637464737372,0.800548376240795,0.994975217358688,251480
"M2B_T384s1_K24","M2B","K24","P7NG# 10 D30 GFP -","M2B_T384s1_K24",3851,-2.65069574581403,0.00803261657082235,0.293764263161503,11548
"M2B_T384s1_L1","M2B","L1","P7NG#15","M2B_T384s1_L1",5515,-1.91446495301343,0.0555607731045897,0.615802718988104,30318
"M2B_T384s1_L2","M2B","L2","P7NG#8 GFP High","M2B_T384s1_L2",5200,-2.05383556583325,0.0399916093800286,0.495379935546161,24885
"M2B_T384s1_L3","M2B","L3","L3","M2B_T384s1_L3",11374,0.677828445435313,0.497880473072884,0.994975217358688,578985
"M2B_T384s1_L4","M2B","L4","L4","M2B_T384s1_L4",11876,0.899936533167225,0.368154026834255,0.994975217358688,557841
"M2B_T384s1_L5","M2B","L5","L5","M2B_T384s1_L5",10881,0.45970237521254,0.645729864415105,0.994975217358688,348183
"M2B_T384s1_L6","M2B","L6","L6","M2B_T384s1_L6",10774,0.41236061149279,0.680075128859298,0.994975217358688,298089
"M2B_T384s1_L7","M2B","L7","L7","M2B_T384s1_L7",9405,-0.193348496286067,0.846686048264013,0.994975217358688,126778
"M2B_T384s1_L8","M2B","L8","L8","M2B_T384s1_L8",11624,0.788440042911365,0.430439356278911,0.994975217358688,403848
"M2B_T384s1_L9","M2B","L9","L9","M2B_T384s1_L9",10124,0.124770458055056,0.900705275650351,0.994975217358688,251864
"M2B_T384s1_L10","M2B","L10","L10","M2B_T384s1_L10",10261,0.185385613471933,0.852926591628634,0.994975217358688,204529
"M2B_T384s1_L11","M2B","L11","L11","M2B_T384s1_L11",10179,0.149105009499788,0.88147077307191,0.994975217358688,201576
"M2B_T384s1_L12","M2B","L12","L12","M2B_T384s1_L12",10546,0.311482834594631,0.755433590316862,0.994975217358688,268660
"M2B_T384s1_L13","M2B","L13","L13","M2B_T384s1_L13",10943,0.487134051386601,0.626163336854256,0.994975217358688,306394
"M2B_T384s1_L14","M2B","L14","L14","M2B_T384s1_L14",11345,0.664997500128091,0.506052092007981,0.994975217358688,391006
"M2B_T384s1_L15","M2B","L15","L15","M2B_T384s1_L15",10523,0.301306567626834,0.763180733256463,0.994975217358688,224107
"M2B_T384s1_L16","M2B","L16","L16","M2B_T384s1_L16",10955,0.492443408065451,0.622405919190712,0.994975217358688,301410
"M2B_T384s1_L17","M2B","L17","L17","M2B_T384s1_L17",7259,-1.14283844902049,0.253105671816126,0.994975217358688,49104
"M2B_T384s1_L18","M2B","L18","L18","M2B_T384s1_L18",9170,-0.297323397913556,0.766219619948923,0.994975217358688,114780
"M2B_T384s1_L19","M2B","L19","L19","M2B_T384s1_L19",9588,-0.112380806933598,0.910521472765202,0.994975217358688,175407
"M2B_T384s1_L20","M2B","L20","L20","M2B_T384s1_L20",8455,-0.613672566695063,0.539431720062197,0.994975217358688,92210
"M2B_T384s1_L21","M2B","L21","L21","M2B_T384s1_L21",8753,-0.481823542503609,0.629931303713126,0.994975217358688,117359
"M2B_T384s1_L22","M2B","L22","L22","M2B_T384s1_L22",8854,-0.437136457123285,0.662012389122103,0.994975217358688,94885
"M2B_T384s1_L23","M2B","L23","DMSO","M2B_T384s1_L23",9485,-0.157952785093731,0.874494003599018,0.994975217358688,150530
"M2B_T384s1_L24","M2B","L24","P7NG# 10 D30 GFP +","M2B_T384s1_L24",2609,-3.20021416207505,0.0013732550631178,0.143845659673433,6037
"M2B_T384s1_M1","M2B","M1","P7NG#16","M2B_T384s1_M1",3243,-2.91970315087578,0.00350364950238619,0.269080281783259,10109
"M2B_T384s1_M2","M2B","M2","P7NG#10 GFP High","M2B_T384s1_M2",4198,-2.49716684851727,0.0125190037490503,0.365990903765915,17271
"M2B_T384s1_M3","M2B","M3","M3","M2B_T384s1_M3",9062,-0.34510760802321,0.730013474050933,0.994975217358688,114435
"M2B_T384s1_M4","M2B","M4","M4","M2B_T384s1_M4",11229,0.613673718899204,0.539430958521727,0.994975217358688,379884
"M2B_T384s1_M5","M2B","M5","M5","M2B_T384s1_M5",9543,-0.132290894479287,0.894754209230103,0.994975217358688,165652
"M2B_T384s1_M6","M2B","M6","M6","M2B_T384s1_M6",10587,0.329623136580704,0.741684738329212,0.994975217358688,318039
"M2B_T384s1_M7","M2B","M7","M7","M2B_T384s1_M7",11134,0.571641311858304,0.567565001650435,0.994975217358688,452513
"M2B_T384s1_M8","M2B","M8","M8","M2B_T384s1_M8",9856,0.00619482556072933,0.995057275941798,0.996709008282428,173367
"M2B_T384s1_M9","M2B","M9","M9","M2B_T384s1_M9",9716,-0.0557476690258594,0.955542824129762,0.994975217358688,173739
"M2B_T384s1_M10","M2B","M10","M10","M2B_T384s1_M10",11200,0.600842773591982,0.547944711758775,0.994975217358688,503124
"M2B_T384s1_M11","M2B","M11","M11","M2B_T384s1_M11",11380,0.680483123774739,0.49619860404122,0.994975217358688,507278
"M2B_T384s1_M12","M2B","M12","M12","M2B_T384s1_M12",11007,0.51545062034047,0.606238167197719,0.994975217358688,304377
"M2B_T384s1_M13","M2B","M13","M13","M2B_T384s1_M13",9961,0.0526516965006709,0.958009426210565,0.994975217358688,193585
"M2B_T384s1_M14","M2B","M14","M14","M2B_T384s1_M14",9848,0.00265525444149569,0.997881415965597,0.997881415965597,160686
"M2B_T384s1_M15","M2B","M15","M15","M2B_T384s1_M15",9235,-0.268564382569782,0.78826492414768,0.994975217358688,130046
"M2B_T384s1_M16","M2B","M16","M16","M2B_T384s1_M16",9660,-0.0805246668604949,0.935819978615353,0.994975217358688,165082
"M2B_T384s1_M17","M2B","M17","M17","M2B_T384s1_M17",6257,-1.58616973170451,0.112700811992403,0.951145314397427,34329
"M2B_T384s1_M18","M2B","M18","M18","M2B_T384s1_M18",8304,-0.680481971570598,0.496199333361101,0.994975217358688,81657
"M2B_T384s1_M19","M2B","M19","M19","M2B_T384s1_M19",8075,-0.781802194858661,0.434330830955352,0.994975217358688,73852
"M2B_T384s1_M20","M2B","M20","M20","M2B_T384s1_M20",9128,-0.315906146289532,0.752073746588576,0.994975217358688,114192
"M2B_T384s1_M21","M2B","M21","M21","M2B_T384s1_M21",5953,-1.72067343423538,0.0853100996538951,0.770801841578723,29571
"M2B_T384s1_M22","M2B","M22","M22","M2B_T384s1_M22",8293,-0.685348881859544,0.493123792797544,0.994975217358688,72176
"M2B_T384s1_M23","M2B","M23","AdMyoD","M2B_T384s1_M23",10182,0.1504323486695,0.880423521102905,0.994975217358688,198548
"M2B_T384s1_M24","M2B","M24","#1 MN(0Days) NRM","M2B_T384s1_M24",4623,-2.30912713280798,0.020936527533163,0.409654454830882,13582
"M2B_T384s1_N1","M2B","N1","Un Inj TA 1","M2B_T384s1_N1",2666,-3.17499471785051,0.00149839228826493,0.143845659673433,10619
"M2B_T384s1_N2","M2B","N2","P7NG# 7 D5 Diff GFP -","M2B_T384s1_N2",3468,-2.82015271314734,0.0048000799744069,0.293764263161503,12882
"M2B_T384s1_N3","M2B","N3","N3","M2B_T384s1_N3",10108,0.117691315816589,0.906312247931899,0.994975217358688,196019
"M2B_T384s1_N4","M2B","N4","N4","M2B_T384s1_N4",9865,0.0101768430698672,0.991880194195938,0.996709008282428,195035
"M2B_T384s1_N5","M2B","N5","N5","M2B_T384s1_N5",9730,-0.0495534195672006,0.960478266795826,0.994975217358688,163166
"M2B_T384s1_N6","M2B","N6","N6","M2B_T384s1_N6",9253,-0.260600347551507,0.794400721631508,0.994975217358688,134601
"M2B_T384s1_N7","M2B","N7","N7","M2B_T384s1_N7",9796,-0.020351957833523,0.983762607997473,0.996709008282428,179865
"M2B_T384s1_N8","M2B","N8","N8","M2B_T384s1_N8",10601,0.335817386039362,0.737008578637021,0.994975217358688,276182
"M2B_T384s1_N9","M2B","N9","N9","M2B_T384s1_N9",9859,0.00752216473044195,0.993998237497401,0.996709008282428,190782
"M2B_T384s1_N10","M2B","N10","N10","M2B_T384s1_N10",11100,0.556598134601561,0.577802028572868,0.994975217358688,318924
"M2B_T384s1_N11","M2B","N11","N11","M2B_T384s1_N11",10330,0.215914414375323,0.829054461057629,0.994975217358688,240043
"M2B_T384s1_N12","M2B","N12","N12","M2B_T384s1_N12",10390,0.242461197769575,0.808422819638229,0.994975217358688,219440
"M2B_T384s1_N13","M2B","N13","N13","M2B_T384s1_N13",9633,-0.0924707193879085,0.926324054067513,0.994975217358688,155042
"M2B_T384s1_N14","M2B","N14","N14","M2B_T384s1_N14",10090,0.109727280798313,0.912625664101111,0.994975217358688,176770
"M2B_T384s1_N15","M2B","N15","N15","M2B_T384s1_N15",10322,0.212374843256089,0.83181461031022,0.994975217358688,244510
"M2B_T384s1_N16","M2B","N16","N16","M2B_T384s1_N16",9640,-0.0893735946585791,0.928785007886494,0.994975217358688,157093
"M2B_T384s1_N17","M2B","N17","N17","M2B_T384s1_N17",7152,-1.19018021274024,0.233975568645796,0.994975217358688,45886
"M2B_T384s1_N18","M2B","N18","N18","M2B_T384s1_N18",8187,-0.73224819918939,0.464017090227421,0.994975217358688,70158
"M2B_T384s1_N19","M2B","N19","N19","M2B_T384s1_N19",7983,-0.822507262729848,0.410788254895095,0.994975217358688,64428
"M2B_T384s1_N20","M2B","N20","N20","M2B_T384s1_N20",7335,-1.10921252338777,0.267338511327102,0.994975217358688,51830
"M2B_T384s1_N21","M2B","N21","N21","M2B_T384s1_N21",8700,-0.505273201168532,0.613366962620357,0.994975217358688,85247
"M2B_T384s1_N22","M2B","N22","N22","M2B_T384s1_N22",7601,-0.991521783673254,0.321430860841098,0.994975217358688,53355
"M2B_T384s1_N23","M2B","N23","AdMyoD","M2B_T384s1_N23",10695,0.377407346690358,0.705870908012463,0.994975217358688,236435
"M2B_T384s1_N24","M2B","N24","#2 MN(0Days) NRM","M2B_T384s1_N24",1951,-3.49134388663202,0.000480597234777247,0.0738197352617851,3334
"M2B_T384s1_O1","M2B","O1","Un inj TA 2","M2B_T384s1_O1",867,-3.97095577328817,7.15848686105656e-05,0.0274885895464572,1386
"M2B_T384s1_O2","M2B","O2","P7NG# 7 D5 Diff GFP +","M2B_T384s1_O2",3820,-2.66441158390106,0.00771231372670012,0.293764263161503,12761
"M2B_T384s1_O3","M2B","O3","O3","M2B_T384s1_O3",11137,0.572968651028017,0.566665920142821,0.994975217358688,502721
"M2B_T384s1_O4","M2B","O4","O4","M2B_T384s1_O4",10128,0.126540243614673,0.899304295257986,0.994975217358688,162469
"M2B_T384s1_O5","M2B","O5","O5","M2B_T384s1_O5",9069,-0.34201048329388,0.732343002955727,0.994975217358688,128186
"M2B_T384s1_O6","M2B","O6","O6","M2B_T384s1_O6",11082,0.548634099583285,0.583256579585981,0.994975217358688,355283
"M2B_T384s1_O7","M2B","O7","O7","M2B_T384s1_O7",9330,-0.226531975528883,0.820787692648841,0.994975217358688,134791
"M2B_T384s1_O8","M2B","O8","O8","M2B_T384s1_O8",10970,0.499080103914014,0.617722953376025,0.994975217358688,320005
"M2B_T384s1_O9","M2B","O9","O9","M2B_T384s1_O9",8985,-0.379175980045834,0.704557187264126,0.994975217358688,124644
"M2B_T384s1_O10","M2B","O10","O10","M2B_T384s1_O10",10158,0.139813635311799,0.888807239697279,0.994975217358688,191916
"M2B_T384s1_O11","M2B","O11","O11","M2B_T384s1_O11",9177,-0.294226273184226,0.768585005613606,0.994975217358688,129646
"M2B_T384s1_O12","M2B","O12","O12","M2B_T384s1_O12",8918,-0.408819888169415,0.682671843565059,0.994975217358688,118492
"M2B_T384s1_O13","M2B","O13","O13","M2B_T384s1_O13",7551,-1.01364410316846,0.31075260505639,0.994975217358688,67784
"M2B_T384s1_O14","M2B","O14","O14","M2B_T384s1_O14",9549,-0.129636216139862,0.896854248673114,0.994975217358688,162091
"M2B_T384s1_O15","M2B","O15","O15","M2B_T384s1_O15",9988,0.0645977490280845,0.948494276983788,0.994975217358688,203316
"M2B_T384s1_O16","M2B","O16","O16","M2B_T384s1_O16",10365,0.23140003802197,0.817004035626577,0.994975217358688,231107
"M2B_T384s1_O17","M2B","O17","O17","M2B_T384s1_O17",7034,-1.24238888674894,0.214093113948189,0.994975217358688,48636
"M2B_T384s1_O18","M2B","O18","O18","M2B_T384s1_O18",7435,-1.06496788439735,0.286890463237444,0.994975217358688,54379
"M2B_T384s1_O19","M2B","O19","O19","M2B_T384s1_O19",8414,-0.631812868681135,0.527509163691218,0.994975217358688,91384
"M2B_T384s1_O20","M2B","O20","O20","M2B_T384s1_O20",6122,-1.64589999434157,0.0997843501306916,0.86657777301741,31120
"M2B_T384s1_O21","M2B","O21","O21","M2B_T384s1_O21",6470,-1.49192865065491,0.135717850846092,0.994975217358688,36090
"M2B_T384s1_O22","M2B","O22","O22","M2B_T384s1_O22",6559,-1.45255092195344,0.146348480971555,0.994975217358688,36445
"M2B_T384s1_O23","M2B","O23","AdMyoD","M2B_T384s1_O23",10311,0.207507932967143,0.835613197892821,0.994975217358688,204214
"M2B_T384s1_O24","M2B","O24","#3 MN(0Days) NRM","M2B_T384s1_O24",4441,-2.38965237577054,0.0168643265846124,0.409654454830882,12951
"M2B_T384s1_P1","M2B","P1","5D Inj TA 1","M2B_T384s1_P1",5190,-2.05826002973229,0.0395651788781744,0.495379935546161,23655
"M2B_T384s1_P2","M2B","P2","P7NG# 9 D5 Diff GFP -","M2B_T384s1_P2",4292,-2.45557688786627,0.0140658659315371,0.37250293225588,18826
"M2B_T384s1_P3","M2B","P3","P3","M2B_T384s1_P3",11198,0.599957880812173,0.548534306154107,0.994975217358688,351187
"M2B_T384s1_P4","M2B","P4","P4","M2B_T384s1_P4",10792,0.420324646511066,0.674248307364087,0.994975217358688,385371
"M2B_T384s1_P5","M2B","P5","P5","M2B_T384s1_P5",10316,0.209720164916664,0.833886086186429,0.994975217358688,220796
"M2B_T384s1_P6","M2B","P6","P6","M2B_T384s1_P6",9243,-0.265024811450549,0.790990348253149,0.994975217358688,136458
"M2B_T384s1_P7","M2B","P7","P7","M2B_T384s1_P7",10177,0.148220116719979,0.882169056321061,0.994975217358688,201793
"M2B_T384s1_P8","M2B","P8","P8","M2B_T384s1_P8",9692,-0.0663663823835604,0.947086134145956,0.994975217358688,164160
"M2B_T384s1_P9","M2B","P9","P9","M2B_T384s1_P9",8917,-0.40926233455932,0.682347153646704,0.994975217358688,111395
"M2B_T384s1_P10","M2B","P10","P10","M2B_T384s1_P10",11319,0.653493893990582,0.51343792458589,0.994975217358688,524963
"M2B_T384s1_P11","M2B","P11","P11","M2B_T384s1_P11",513,-4.12758179531426,3.66598049349726e-05,0.0274885895464572,682
"M2B_T384s1_P12","M2B","P12","P12","M2B_T384s1_P12",9743,-0.0438016164984459,0.96506253854323,0.994975217358688,159121
"M2B_T384s1_P13","M2B","P13","P13","M2B_T384s1_P13",9464,-0.167244159281719,0.867177939610254,0.994975217358688,141952
"M2B_T384s1_P14","M2B","P14","P14","M2B_T384s1_P14",10318,0.210605057696472,0.833195465361398,0.994975217358688,221135
"M2B_T384s1_P15","M2B","P15","P15","M2B_T384s1_P15",9618,-0.0991074152364716,0.921052984569735,0.994975217358688,152779
"M2B_T384s1_P16","M2B","P16","P16","M2B_T384s1_P16",10851,0.446428983515414,0.655287400531164,0.994975217358688,311905
"M2B_T384s1_P17","M2B","P17","P17","M2B_T384s1_P17",5781,-1.79677421329891,0.0723714717032491,0.721834938546692,26403
"M2B_T384s1_P18","M2B","P18","P18","M2B_T384s1_P18",8194,-0.72915107446006,0.465909255189088,0.994975217358688,74890
"M2B_T384s1_P19","M2B","P19","P19","M2B_T384s1_P19",9444,-0.176093087079803,0.86022081177594,0.994975217358688,119577
"M2B_T384s1_P20","M2B","P20","P20","M2B_T384s1_P20",8018,-0.8070216390832,0.419654016259151,0.994975217358688,68317
"M2B_T384s1_P21","M2B","P21","P21","M2B_T384s1_P21",6899,-1.30211914938601,0.192875657957781,0.994975217358688,44431
"M2B_T384s1_P22","M2B","P22","P22","M2B_T384s1_P22",8277,-0.692428024098011,0.488668571883929,0.994975217358688,81077
"M2B_T384s1_P23","M2B","P23","AdMyoD","M2B_T384s1_P23",9997,0.0685797665372223,0.94532412490547,0.994975217358688,186801
"M2B_T384s1_P24","M2B","P24","#4 MN(0Days) NRM","M2B_T384s1_P24",3576,-2.77236850303768,0.00556499984143229,0.293764263161503,7551
